crawl_time,keyword,group_channel_url
20/2/2024 12:58:38.25,黑客,https://t.me/lhc_k1
20/2/2024 12:58:38.25,黑客,https://t.me/sy888
20/2/2024 12:58:38.25,黑客,https://t.me/+qILJGsEmyDY1Nzc1
20/2/2024 12:59:25.291,少妇,https://t.me/gf881
20/2/2024 12:59:48.864,刷料,https://t.me/dahuozhuyituo
20/2/2024 12:59:48.864,刷料,https://t.me/dahuozhua
20/2/2024 12:59:48.864,刷料,https://t.me/yuanliaoyituo
20/2/2024 12:59:48.864,刷料,https://t.me/dahuozhudequn
20/2/2024 12:59:48.864,刷料,https://t.me/dahuozhu8
20/2/2024 12:59:48.864,刷料,https://t.me/dahuozhu2
20/2/2024 12:59:48.864,刷料,https://t.me/dahuozhuq
20/2/2024 13:00:12.571,成人,https://t.me/xinba8888
20/2/2024 13:00:12.571,成人,https://t.me/shenyang3423
20/2/2024 13:00:12.571,成人,https://t.me/sjdwh1
20/2/2024 13:00:12.571,成人,https://t.me/wuhanhuisuo69
20/2/2024 13:00:59.611,博彩,https://t.me/ob1392
20/2/2024 13:00:59.611,博彩,https://t.me/pc281111
20/2/2024 13:00:59.611,博彩,https://t.me/baijialede
20/2/2024 13:00:59.611,博彩,https://t.me/apdui11
20/2/2024 13:00:59.611,博彩,https://t.me/JNTYZ_7
20/2/2024 13:00:59.611,博彩,https://t.me/tiyu8878
20/2/2024 13:00:59.611,博彩,https://t.me/dianzi6668
20/2/2024 13:00:59.611,博彩,https://t.me/yabolj
20/2/2024 13:00:59.611,博彩,https://t.me/caipi6888
20/2/2024 13:00:59.611,博彩,https://t.me/aodui3
20/2/2024 13:01:23.193,澳门,https://t.me/yaduo888
20/2/2024 13:01:23.193,澳门,https://t.me/cctv696
20/2/2024 13:01:23.193,澳门,https://t.me/sakldnlasd222
20/2/2024 13:01:23.193,澳门,https://t.me/mote06
20/2/2024 13:02:34.096,气狗,https://t.me/caipiao98
20/2/2024 13:02:34.096,气狗,https://t.me/ffll168
20/2/2024 13:02:57.71,挖矿,https://t.me/cjg5178
20/2/2024 13:02:57.71,挖矿,https://t.me/x08886
20/2/2024 13:02:57.71,挖矿,https://t.me/cjg668
20/2/2024 13:02:57.71,挖矿,https://t.me/qianbaokuangjidajian
20/2/2024 13:02:57.71,挖矿,https://t.me/smartweb3info
20/2/2024 13:02:57.71,挖矿,https://t.me/kuangjiwakuangshouquan
20/2/2024 13:02:57.71,挖矿,https://t.me/smartinuweb3
20/2/2024 13:02:57.71,挖矿,https://t.me/yuankong666x
20/2/2024 13:02:57.71,挖矿,https://t.me/bnb_hk01
20/2/2024 13:02:57.71,挖矿,https://t.me/dfgu1255
20/2/2024 13:02:57.71,挖矿,https://t.me/zdgeh
20/2/2024 13:02:57.71,挖矿,https://t.me/web3wakuang
20/2/2024 13:02:57.71,挖矿,https://t.me/bcvnvgjhg
20/2/2024 13:03:44.813,做爱,https://t.me/baidu369MSM1
20/2/2024 13:03:44.813,做爱,https://t.me/kaiyunlj
20/2/2024 13:03:44.813,做爱,https://t.me/kjzuoai
20/2/2024 13:04:31.888,轨道料,https://t.me/aabb
20/2/2024 13:04:31.888,轨道料,https://t.me/+u0fuGE1o0PllNTk0
20/2/2024 13:04:31.888,轨道料,https://t.me/gongxu
20/2/2024 13:04:55.538,约会,https://t.me/+Or_6_U3knYg4MDdl
20/2/2024 13:04:55.538,约会,https://t.me/shanghaihuisuo69
20/2/2024 13:04:55.538,约会,https://t.me/changshakk
20/2/2024 13:04:55.538,约会,https://t.me/shanghaiza
20/2/2024 13:05:19.29,仿真,https://t.me/tssp88
20/2/2024 13:05:19.29,仿真,https://t.me/douza23333
20/2/2024 13:05:19.29,仿真,https://t.me/zipaiclub
20/2/2024 13:05:42.838,卡佬,https://t.me/gxfc423
20/2/2024 13:05:42.838,卡佬,https://t.me/jiema_r1
20/2/2024 13:05:42.838,卡佬,https://t.me/mbxdm5
20/2/2024 13:05:42.838,卡佬,https://t.me/qiyuanby
20/2/2024 13:05:42.838,卡佬,https://t.me/x_ssssdd
20/2/2024 13:06:30.081,菜商,https://t.me/gaoduan130
20/2/2024 13:06:30.081,菜商,https://t.me/bet_B88
20/2/2024 13:06:30.081,菜商,https://t.me/linghangks001
20/2/2024 13:07:17.395,挂马,https://t.me/mrohome
20/2/2024 13:07:17.395,挂马,https://t.me/tgso88
20/2/2024 13:07:17.395,挂马,https://t.me/hao123_qq
20/2/2024 13:07:17.395,挂马,https://t.me/maynila888
20/2/2024 13:07:17.395,挂马,https://t.me/mnlno1
20/2/2024 13:07:17.395,挂马,https://t.me/ManilaZN
20/2/2024 13:07:40.963,键盘手,https://t.me/laolanggongxu
20/2/2024 13:07:40.963,键盘手,https://t.me/play51me02
20/2/2024 13:07:40.963,键盘手,https://t.me/selaosiji
20/2/2024 13:07:40.963,键盘手,https://t.me/lspjlq
20/2/2024 13:08:04.495,外宣,https://t.me/wjwwmh66666
20/2/2024 13:08:04.495,外宣,https://t.me/xiaoxinwaiwei
20/2/2024 13:08:04.495,外宣,https://t.me/hao1234_hao1234_zh8888_hao1234i
20/2/2024 13:08:28.175,赌博,https://t.me/xyberdolls
20/2/2024 13:08:28.175,赌博,https://t.me/jiemishequ
20/2/2024 13:08:28.175,赌博,https://t.me/guoren818
20/2/2024 13:08:28.175,赌博,https://t.me/qipai6888
20/2/2024 13:08:51.762,棋牌,https://t.me/aodui2
20/2/2024 13:08:51.762,棋牌,https://t.me/csko1
20/2/2024 13:08:51.762,棋牌,https://t.me/QPYXPD
20/2/2024 13:08:51.762,棋牌,https://t.me/ADty888
20/2/2024 13:08:51.762,棋牌,https://t.me/WFEGRSs
20/2/2024 13:08:51.762,棋牌,https://t.me/bghh4z
20/2/2024 13:08:51.762,棋牌,https://t.me/L7leiR
20/2/2024 13:08:51.762,棋牌,https://t.me/jntycps
20/2/2024 13:09:15.397,远控,https://t.me/hao58TC
20/2/2024 13:09:15.397,远控,https://t.me/ykmm6
20/2/2024 13:09:15.397,远控,https://t.me/yuankong360tg
20/2/2024 13:10:49.408,水房,https://t.me/kasjda222
20/2/2024 13:10:49.408,水房,https://t.me/shoujidingweill
20/2/2024 13:10:49.408,水房,https://t.me/chadangmuban
20/2/2024 13:10:49.408,水房,https://t.me/shuiguopaiav9
20/2/2024 13:10:49.408,水房,https://t.me/zhenkongshexiang2
20/2/2024 13:10:49.408,水房,https://t.me/tianyanchaAC
20/2/2024 13:10:49.408,水房,https://t.me/tyc988
20/2/2024 13:11:12.925,吗啡,https://t.me/cnmbgcao
20/2/2024 13:11:12.925,吗啡,https://t.me/shangyoujm
20/2/2024 13:11:12.925,吗啡,https://t.me/sexytoday
20/2/2024 13:11:12.925,吗啡,https://t.me/YOLOkafei
20/2/2024 13:11:12.925,吗啡,https://t.me/SUSTechGG
20/2/2024 13:11:12.925,吗啡,https://t.me/QQYPWW
20/2/2024 13:11:12.925,吗啡,https://t.me/QQYPWWW
20/2/2024 13:11:12.925,吗啡,https://t.me/covoco
20/2/2024 13:11:12.925,吗啡,https://t.me/tgid18
20/2/2024 13:11:12.925,吗啡,https://t.me/ghtrjy80li0
20/2/2024 13:11:12.925,吗啡,https://t.me/jianzhima
20/2/2024 13:11:12.925,吗啡,https://t.me/xiaojiejie_007
20/2/2024 13:11:12.925,吗啡,https://t.me/muy12001r
20/2/2024 13:11:12.925,吗啡,https://t.me/dhrj5y
20/2/2024 13:11:12.925,吗啡,https://t.me/sdfgjklkjhgfdsdfghjkl
20/2/2024 13:11:12.925,吗啡,https://t.me/njggf45fg
20/2/2024 13:11:12.925,吗啡,https://t.me/mdyl2022_m
20/2/2024 13:12:00.144,bet,https://t.me/bet365win88
20/2/2024 13:12:00.144,bet,https://t.me/aFiYTc6
20/2/2024 13:12:00.144,bet,https://t.me/vj6yf
20/2/2024 13:12:00.144,bet,https://t.me/BET_cupball
20/2/2024 13:12:00.144,bet,https://t.me/i6rjt
20/2/2024 13:12:00.144,bet,https://t.me/hg6exa
20/2/2024 13:12:00.144,bet,https://t.me/gh7ods
20/2/2024 13:12:00.144,bet,https://t.me/ty79i
20/2/2024 13:12:00.144,bet,https://t.me/PSMzA1
20/2/2024 13:12:00.144,bet,https://t.me/fg0rh
20/2/2024 13:12:00.144,bet,https://t.me/g4rqa
20/2/2024 13:12:00.144,bet,https://t.me/jYjg9
20/2/2024 13:12:00.144,bet,https://t.me/j6Dg9
20/2/2024 13:12:00.144,bet,https://t.me/bettiyuy1
27/2/2024 18:51:03.475,黑客,https://t.me/usdtlq
27/2/2024 18:51:03.475,黑客,https://t.me/MVPUUU
27/2/2024 18:53:01.607,澳门,https://t.me/hwgq
27/2/2024 18:53:01.607,澳门,https://t.me/IKUN
27/2/2024 18:53:01.607,澳门,https://t.me/hwgq_hwgqq
27/2/2024 18:53:01.607,澳门,https://t.me/PUBG
27/2/2024 18:53:01.607,澳门,https://t.me/yinqigs
27/2/2024 18:53:01.607,澳门,https://t.me/hz123451
27/2/2024 18:54:36.249,楼凤,https://t.me/jsadha
27/2/2024 18:54:36.249,楼凤,https://t.me/nanjingsu
27/2/2024 18:54:36.249,楼凤,https://t.me/nanjshangx
27/2/2024 18:55:23.503,接码,https://t.me/taoduijie
27/2/2024 18:55:47.216,水房,https://t.me/shegongku_9
27/2/2024 18:56:58.174,白粉,https://t.me/i_91av
27/2/2024 18:56:58.174,白粉,https://t.me/qdhx334
27/2/2024 18:59:43.942,挂马,https://t.me/huarentiandihui
27/2/2024 18:59:43.942,挂马,https://t.me/GT1169
27/2/2024 18:59:43.942,挂马,https://t.me/sou886
27/2/2024 19:00:07.723,吗啡,https://t.me/AzM2Jk
27/2/2024 19:00:07.723,吗啡,https://t.me/waiweilanlann
27/2/2024 19:00:31.48,bet,https://t.me/tiyuduchang764
27/2/2024 19:00:31.48,bet,https://t.me/zs9cc00
27/2/2024 19:02:05.776,少妇,https://t.me/gc5200
7/3/2024 11:59:58.793,毒品,https://t.me/zdy157
7/3/2024 11:59:58.793,毒品,https://t.me/hik54h
7/3/2024 11:59:58.793,毒品,https://t.me/App338
7/3/2024 12:12:45.384,毒品,https://t.me/disclosetv
7/3/2024 12:15:54.532,毒品,https://t.me/Ximei999
7/3/2024 12:15:54.532,毒品,https://t.me/vps_xhq
7/3/2024 12:28:30.667,毒品,https://t.me/Yuan_En
7/3/2024 12:28:30.667,毒品,https://t.me/hacker_news_feed
7/3/2024 12:28:30.667,毒品,https://t.me/NewlearnerChannel
9/3/2024 19:02:04.29,pcp,https://t.me/wuyu888888
9/3/2024 19:02:04.29,pcp,https://t.me/pcpmmm
9/3/2024 19:02:04.29,pcp,https://t.me/pcp2012
9/3/2024 19:02:04.29,pcp,https://t.me/tuhaowan
9/3/2024 19:02:04.29,pcp,https://t.me/CCTV888888CBA
9/3/2024 19:02:04.29,pcp,https://t.me/ewrrtyuuiyutytre
9/3/2024 19:02:04.29,pcp,https://t.me/liuhecaio1
9/3/2024 19:02:51.505,毒品,https://t.me/GFW3DS
9/3/2024 19:03:15.069,狗推,https://t.me/sucai821
9/3/2024 19:03:15.069,狗推,https://t.me/sucai_haiwai2
9/3/2024 19:03:15.069,狗推,https://t.me/tg188188
9/3/2024 19:03:15.069,狗推,https://t.me/tiyusaishi2
9/3/2024 19:03:15.069,狗推,https://t.me/DNYY777
9/3/2024 19:03:15.069,狗推,https://t.me/tg00125
9/3/2024 19:03:15.069,狗推,https://t.me/TGHX12
9/3/2024 19:03:15.069,狗推,https://t.me/xmzpi
9/3/2024 19:03:15.069,狗推,https://t.me/sucaiq8
9/3/2024 19:03:15.069,狗推,https://t.me/QQGTJR
9/3/2024 19:03:38.843,成人,https://t.me/+Z31FfaOXSxs0ZmJl
9/3/2024 19:03:38.843,成人,https://t.me/seqingtanhuashipin
9/3/2024 19:03:38.843,成人,https://t.me/juhuashecom
9/3/2024 19:03:38.843,成人,https://t.me/laosijibk
9/3/2024 19:03:38.843,成人,https://t.me/tea4671
9/3/2024 19:03:38.843,成人,https://t.me/xiaoshuojingxuan
9/3/2024 19:04:02.431,gun,https://t.me/pua321
9/3/2024 19:04:02.431,gun,https://t.me/Chigua
9/3/2024 19:04:02.431,gun,https://t.me/liangjianshequ
9/3/2024 19:04:02.431,gun,https://t.me/+ans3c6tWG51mY2Y9
9/3/2024 19:04:02.431,gun,https://t.me/+AYf_u_RnyhlkYjRh
9/3/2024 19:04:02.431,gun,https://t.me/scriptalking
9/3/2024 19:04:02.431,gun,https://t.me/gephannounce
9/3/2024 19:04:02.431,gun,https://t.me/TDZYBVIP
9/3/2024 19:04:26.009,约会,https://t.me/zhaoDR
9/3/2024 19:04:26.009,约会,https://t.me/XHZB8
9/3/2024 19:04:26.009,约会,https://t.me/BFMWOJJ
9/3/2024 19:04:26.009,约会,https://t.me/jiayuancom
9/3/2024 19:04:26.009,约会,https://t.me/nanchangfuwu
9/3/2024 19:04:26.009,约会,https://t.me/ttttttt585858
9/3/2024 19:04:26.009,约会,https://t.me/WWnxdhnv
9/3/2024 19:04:26.009,约会,https://t.me/zhouxiaoyuone999
9/3/2024 19:04:26.009,约会,https://t.me/dibaihuaren3
9/3/2024 19:04:49.607,做爱,https://t.me/lmdsi123
9/3/2024 19:04:49.607,做爱,https://t.me/zuoaitv
9/3/2024 19:04:49.607,做爱,https://t.me/zipaivip
9/3/2024 19:04:49.607,做爱,https://t.me/dny889
9/3/2024 19:04:49.607,做爱,https://t.me/fulifancha888
9/3/2024 19:04:49.607,做爱,https://t.me/csdncs54646
9/3/2024 19:04:49.607,做爱,https://t.me/tianshi06
9/3/2024 19:04:49.607,做爱,https://t.me/guochanrenqi4
9/3/2024 19:04:49.607,做爱,https://t.me/kjzuoaiss
9/3/2024 19:04:49.607,做爱,https://t.me/AV20688
9/3/2024 19:04:49.607,做爱,https://t.me/onwnwo
9/3/2024 19:04:49.607,做爱,https://t.me/wanrenl
9/3/2024 19:04:49.607,做爱,https://t.me/mianbei_toupai_waiwei_ziwei_dubo
9/3/2024 19:04:49.607,做爱,https://t.me/guochan_toupai_zuoai_luanlun
9/3/2024 19:05:37.161,赌博,https://t.me/KY1551
9/3/2024 19:05:37.161,赌博,https://t.me/dubo2226
9/3/2024 19:05:37.161,赌博,https://t.me/qqq46996
9/3/2024 19:05:37.161,赌博,https://t.me/vdf34f
9/3/2024 19:05:37.161,赌博,https://t.me/wangdu125
9/3/2024 19:05:37.161,赌博,https://t.me/cmji5
9/3/2024 19:05:37.161,赌博,https://t.me/RgwOTNi
9/3/2024 19:05:37.161,赌博,https://t.me/shishsh12
9/3/2024 19:05:37.161,赌博,https://t.me/xingyunkeji
9/3/2024 19:05:37.161,赌博,https://t.me/yib212
9/3/2024 19:05:37.161,赌博,https://t.me/dubo212
9/3/2024 19:05:37.161,赌博,https://t.me/shuzib21
9/3/2024 19:05:37.161,赌博,https://t.me/ebpay22
9/3/2024 19:06:00.813,bet,https://t.me/bet365_n
9/3/2024 19:06:00.813,bet,https://t.me/ibeta_channel
9/3/2024 19:06:00.813,bet,https://t.me/Wellbet_hd
9/3/2024 19:06:00.813,bet,https://t.me/caipiao11
9/3/2024 19:06:00.813,bet,https://t.me/gwingames
9/3/2024 19:06:00.813,bet,https://t.me/jhdgbh6632
9/3/2024 19:06:00.813,bet,https://t.me/wanbotiyu00
9/3/2024 19:06:00.813,bet,https://t.me/prozishop
9/3/2024 19:06:00.813,bet,https://t.me/xinlizhaoshang
9/3/2024 19:06:00.813,bet,https://t.me/pcbetacom
9/3/2024 19:06:00.813,bet,https://t.me/bet9875
9/3/2024 19:06:00.813,bet,https://t.me/phmaka72
9/3/2024 19:06:24.417,水房,https://t.me/iosnia999
9/3/2024 19:06:24.417,水房,https://t.me/yuenankashou
9/3/2024 19:06:24.417,水房,https://t.me/yuenanyuantou
9/3/2024 19:06:24.417,水房,https://t.me/yuenantongdao1
9/3/2024 19:06:47.938,轨道料,https://t.me/cvv339
9/3/2024 19:06:47.938,轨道料,https://t.me/CVV901
9/3/2024 19:06:47.938,轨道料,https://t.me/dsdump
9/3/2024 19:06:47.938,轨道料,https://t.me/daka168888
9/3/2024 19:06:47.938,轨道料,https://t.me/dl887
9/3/2024 19:06:47.938,轨道料,https://t.me/cvvaisle
9/3/2024 19:06:47.938,轨道料,https://t.me/saewretrytuyio
9/3/2024 19:06:47.938,轨道料,https://t.me/wewretrytui2
9/3/2024 19:06:47.938,轨道料,https://t.me/saeretryuyi3
9/3/2024 19:07:11.532,键盘手,https://t.me/dailiao4
9/3/2024 19:07:11.532,键盘手,https://t.me/key_policy
9/3/2024 19:07:11.532,键盘手,https://t.me/hongxiangshuma
9/3/2024 19:07:11.532,键盘手,https://t.me/keyboard_cn
9/3/2024 19:07:11.532,键盘手,https://t.me/zfsm6688
9/3/2024 19:07:11.532,键盘手,https://t.me/fsdfsdfasdasd
9/3/2024 19:07:11.532,键盘手,https://t.me/jianpanshubiao123
9/3/2024 19:07:11.532,键盘手,https://t.me/rybh998
9/3/2024 19:07:35.193,棋牌,https://t.me/jiuyouzs1
9/3/2024 19:07:35.193,棋牌,https://t.me/zhaoshangbupindao
9/3/2024 19:07:35.193,棋牌,https://t.me/majian2
9/3/2024 19:07:35.193,棋牌,https://t.me/ShunDa_kfg
9/3/2024 19:07:35.193,棋牌,https://t.me/ct4fa
9/3/2024 19:07:35.193,棋牌,https://t.me/tgKinglele1
9/3/2024 19:07:35.193,棋牌,https://t.me/DataLJ16688
9/3/2024 19:07:35.193,棋牌,https://t.me/yb0cp
9/3/2024 19:07:35.193,棋牌,https://t.me/SG221A
9/3/2024 19:07:35.193,棋牌,https://t.me/mimasito
9/3/2024 19:07:35.193,棋牌,https://t.me/changc21
9/3/2024 19:07:58.792,接码,https://t.me/SMS_QQT999
9/3/2024 19:07:58.792,接码,https://t.me/xiaoma89
9/3/2024 19:07:58.792,接码,https://t.me/dfbd4t
9/3/2024 19:07:58.792,接码,https://t.me/jiemapingtai2
9/3/2024 19:07:58.792,接码,https://t.me/BF5SZ
9/3/2024 19:07:58.792,接码,https://t.me/shsh4tg
9/3/2024 19:07:58.792,接码,https://t.me/laobai_jmsm001
9/3/2024 19:07:58.792,接码,https://t.me/gfnbfgn
9/3/2024 19:07:58.792,接码,https://t.me/vcxvcvfbdf
9/3/2024 19:07:58.792,接码,https://t.me/BJ8F1
9/3/2024 19:07:58.792,接码,https://t.me/asd2515
9/3/2024 19:07:58.792,接码,https://t.me/ZD4FV
9/3/2024 19:08:22.404,罂粟,https://t.me/+RiQDgeLqL4yYRxCC
9/3/2024 19:08:22.404,罂粟,https://t.me/botmzt
9/3/2024 19:08:22.404,罂粟,https://t.me/idaily_magazine
9/3/2024 19:08:22.404,罂粟,https://t.me/MtFwiki
9/3/2024 19:08:46.089,少妇,https://t.me/luanlunpao
9/3/2024 19:08:46.089,少妇,https://t.me/tg6196
9/3/2024 19:08:46.089,少妇,https://t.me/shunupao
9/3/2024 19:08:46.089,少妇,https://t.me/MXJR88
9/3/2024 19:08:46.089,少妇,https://t.me/usdt48884
9/3/2024 19:08:46.089,少妇,https://t.me/shunvpao
9/3/2024 19:08:46.089,少妇,https://t.me/shunu520
9/3/2024 19:08:46.089,少妇,https://t.me/shaoxi214
9/3/2024 19:09:09.684,挖矿,https://t.me/wakuang31
9/3/2024 19:09:09.684,挖矿,https://t.me/danbao24
9/3/2024 19:09:09.684,挖矿,https://t.me/wakuang43
9/3/2024 19:09:09.684,挖矿,https://t.me/wk168
9/3/2024 19:09:09.684,挖矿,https://t.me/usdt61
9/3/2024 19:09:09.684,挖矿,https://t.me/zhifu23
9/3/2024 19:09:56.915,卡农,https://t.me/zh_cn1414
9/3/2024 19:09:56.915,卡农,https://t.me/zh_cn1515
9/3/2024 19:10:20.547,楼凤,https://t.me/weifshangx
9/3/2024 19:10:20.547,楼凤,https://t.me/wenzhoushangm
9/3/2024 19:10:20.547,楼凤,https://t.me/hahbeijing
9/3/2024 19:10:20.547,楼凤,https://t.me/NJ11221
9/3/2024 19:10:20.547,楼凤,https://t.me/taiyuanyuepao12
9/3/2024 19:10:20.547,楼凤,https://t.me/cvasida
9/3/2024 19:10:20.547,楼凤,https://t.me/dezhoushangx
9/3/2024 19:10:20.547,楼凤,https://t.me/fuzhoushangx
9/3/2024 19:10:44.143,仿真,https://t.me/huzige1916
9/3/2024 19:10:44.143,仿真,https://t.me/hongye_GZS01
9/3/2024 19:10:44.143,仿真,https://t.me/XL_app2345
9/3/2024 19:10:44.143,仿真,https://t.me/h34dd
9/3/2024 19:10:44.143,仿真,https://t.me/qingquwanj
9/3/2024 19:10:44.143,仿真,https://t.me/xingyao010
9/3/2024 19:10:44.143,仿真,https://t.me/wanjuqingqu
9/3/2024 19:10:44.143,仿真,https://t.me/qingquypd
9/3/2024 19:10:44.143,仿真,https://t.me/chengrenypd
9/3/2024 19:10:44.143,仿真,https://t.me/xingyongpin0
9/3/2024 19:10:44.143,仿真,https://t.me/fskiejsw
9/3/2024 19:11:07.695,吗啡,https://t.me/kaiyun651
9/3/2024 19:11:07.695,吗啡,https://t.me/WidgetChannel
9/3/2024 19:11:07.695,吗啡,https://t.me/meizitu3
9/3/2024 19:11:31.358,黑客,https://t.me/findhackers
9/3/2024 19:11:31.358,黑客,https://t.me/ivsbusterpio
9/3/2024 19:11:31.358,黑客,https://t.me/wykhgfv7
9/3/2024 19:11:31.358,黑客,https://t.me/anwangheikeshuju10
9/3/2024 19:11:31.358,黑客,https://t.me/anwangheikeshuju819
9/3/2024 19:11:31.358,黑客,https://t.me/maomi1123
9/3/2024 19:11:31.358,黑客,https://t.me/heike985
9/3/2024 19:11:31.358,黑客,https://t.me/HK6668
9/3/2024 19:11:31.358,黑客,https://t.me/shujuyuantou3
9/3/2024 19:11:31.358,黑客,https://t.me/qwedvhk78
9/3/2024 19:11:31.358,黑客,https://t.me/hacker_189
9/3/2024 19:11:55.021,澳门,https://t.me/TFPAY01
9/3/2024 19:11:55.021,澳门,https://t.me/macausauna123
9/3/2024 19:11:55.021,澳门,https://t.me/caipiaoagu333
9/3/2024 19:11:55.021,澳门,https://t.me/SaiToAsuKa_kksk
9/3/2024 19:11:55.021,澳门,https://t.me/aomenaopai678
9/3/2024 19:11:55.021,澳门,https://t.me/aomenwaiweicos
9/3/2024 19:11:55.021,澳门,https://t.me/udi83hff
9/3/2024 19:11:55.021,澳门,https://t.me/gty888lh
9/3/2024 19:11:55.021,澳门,https://t.me/ixinaomen
9/3/2024 19:11:55.021,澳门,https://t.me/gty002
9/3/2024 19:11:55.021,澳门,https://t.me/yye872
9/3/2024 19:13:06.185,外宣,https://t.me/aimeinv88
9/3/2024 19:13:06.185,外宣,https://t.me/wikipedia_zh_game
9/3/2024 19:14:16.677,枪支,https://t.me/goumingdexiaojiejie
9/3/2024 19:14:40.271,远控,https://t.me/azyklmm
9/3/2024 19:14:40.271,远控,https://t.me/yuankong360tbat
9/3/2024 19:14:40.271,远控,https://t.me/it00bet
9/3/2024 19:14:40.271,远控,https://t.me/ExplorerTG9
9/3/2024 19:14:40.271,远控,https://t.me/yuankong360msi
9/3/2024 19:14:40.271,远控,https://t.me/zh_enl2l
9/3/2024 19:14:40.271,远控,https://t.me/hao98TC
9/3/2024 19:14:40.271,远控,https://t.me/AZYKUSDT
9/3/2024 19:14:40.271,远控,https://t.me/hc998
9/3/2024 19:14:40.271,远控,https://t.me/super_link_g
9/3/2024 19:14:40.271,远控,https://t.me/baodu3
9/3/2024 19:14:40.271,远控,https://t.me/Tay69T
9/3/2024 19:14:40.271,远控,https://t.me/anzhuokong
9/3/2024 19:16:38.187,毒品,https://t.me/meishi_V1
9/3/2024 19:18:59.753,卡佬,https://t.me/fucku_idiot
9/3/2024 19:18:59.753,卡佬,https://t.me/privatepicture
9/3/2024 19:21:21.279,棋牌,https://t.me/lijie234
9/3/2024 19:22:08.48,罂粟,https://t.me/amvnewsss
9/3/2024 19:23:42.826,卡农,https://t.me/vip94168888
9/3/2024 19:25:40.987,澳门,https://t.me/rrh337
9/3/2024 19:25:40.987,澳门,https://t.me/qipaiivip
9/3/2024 19:25:40.987,澳门,https://t.me/QSTY_COM00
9/3/2024 19:25:40.987,澳门,https://t.me/damob_ot
9/3/2024 19:25:40.987,澳门,https://t.me/hkk8621
9/3/2024 19:25:40.987,澳门,https://t.me/tvvmv
9/3/2024 19:25:40.987,澳门,https://t.me/nvyoutv
9/3/2024 19:25:40.987,澳门,https://t.me/tieba147
9/3/2024 19:26:04.758,白粉,https://t.me/thewitnesshk
9/3/2024 19:26:52.092,外宣,https://t.me/sosoq6
9/3/2024 19:28:02.579,枪支,https://t.me/kysticker
9/3/2024 19:28:26.22,远控,https://t.me/ygysc999
9/3/2024 19:30:24.267,毒品,https://t.me/inmediahknet
9/3/2024 19:33:56.937,水房,https://t.me/XMHHU
9/3/2024 19:33:56.937,水房,https://t.me/jpz688
9/3/2024 19:33:56.937,水房,https://t.me/te3301
9/3/2024 19:33:56.937,水房,https://t.me/Yscm123
9/3/2024 19:40:15.13,博彩,https://t.me/bczja
9/3/2024 19:40:15.13,博彩,https://t.me/vvdh33
9/3/2024 19:40:15.13,博彩,https://t.me/c32ic92
9/3/2024 19:40:15.13,博彩,https://t.me/diu3nc23
9/3/2024 19:40:15.13,博彩,https://t.me/bcdl91
9/3/2024 19:40:15.13,博彩,https://t.me/fuhfms22
9/3/2024 19:40:15.13,博彩,https://t.me/bcpt888
9/3/2024 19:40:15.13,博彩,https://t.me/djzzz
9/3/2024 19:40:15.13,博彩,https://t.me/poioj3
9/3/2024 19:40:15.13,博彩,https://t.me/zdiYTgy
9/3/2024 19:40:15.13,博彩,https://t.me/lpmql2
9/3/2024 19:40:15.13,博彩,https://t.me/hhgth6fgy
9/3/2024 19:40:15.13,博彩,https://t.me/bchcxw
9/3/2024 19:40:15.13,博彩,https://t.me/bocai134
9/3/2024 19:40:38.85,外宣,https://t.me/kydaqi888
9/3/2024 19:41:02.333,挂马,https://t.me/ayksiy
9/3/2024 19:41:02.333,挂马,https://t.me/KS_DYin
9/3/2024 19:41:02.333,挂马,https://t.me/douyin_push
9/3/2024 19:41:02.333,挂马,https://t.me/abs998877ti
9/3/2024 19:41:02.333,挂马,https://t.me/xqksh
9/3/2024 19:41:02.333,挂马,https://t.me/z8hashylqbg
9/3/2024 19:41:02.333,挂马,https://t.me/adudwbbo
9/3/2024 19:41:02.333,挂马,https://t.me/j56tc
9/3/2024 19:41:02.333,挂马,https://t.me/ku6hf
9/3/2024 19:41:02.333,挂马,https://t.me/AE5W3
9/3/2024 19:41:02.333,挂马,https://t.me/DYKSXS
9/3/2024 19:41:02.333,挂马,https://t.me/app110
9/3/2024 19:41:02.333,挂马,https://t.me/qqwxdianhao2
9/3/2024 19:41:49.487,枪支,https://t.me/jfdhrzdhr
9/3/2024 19:42:13.037,远控,https://t.me/yuankonga3
9/3/2024 19:42:13.037,远控,https://t.me/yuankongr
9/3/2024 19:42:13.037,远控,https://t.me/Super_A5
9/3/2024 19:42:13.037,远控,https://t.me/Super_A6
9/3/2024 19:42:13.037,远控,https://t.me/yuanKz22
9/3/2024 19:42:13.037,远控,https://t.me/yuankongq2
9/3/2024 19:42:13.037,远控,https://t.me/yuangchengcha0k1
9/3/2024 19:42:13.037,远控,https://t.me/yuancheng86
9/3/2024 19:42:13.037,远控,https://t.me/yuankong2
9/3/2024 19:42:13.037,远控,https://t.me/yuankong_TG
9/3/2024 19:42:13.037,远控,https://t.me/shoujiyuankongB
9/3/2024 19:43:00.189,drug,https://t.me/pceyqhnfiuea
9/3/2024 19:43:00.189,drug,https://t.me/hugocn
9/3/2024 19:43:00.189,drug,https://t.me/Gengkenbug
9/3/2024 19:43:00.189,drug,https://t.me/JDxianbao
9/3/2024 19:43:00.189,drug,https://t.me/fhczcvd
9/3/2024 19:43:00.189,drug,https://t.me/grindr666888
9/3/2024 19:43:00.189,drug,https://t.me/coinradrtoken
9/3/2024 19:43:00.189,drug,https://t.me/HECO_Dragon
9/3/2024 19:43:00.189,drug,https://t.me/AndroidDevCn
9/3/2024 19:43:00.189,drug,https://t.me/androiddevcn
9/3/2024 19:43:00.189,drug,https://t.me/OD5TB
9/3/2024 19:43:23.838,pcp,https://t.me/tryuiuiytre
9/3/2024 19:43:23.838,pcp,https://t.me/BFZpcp2022
9/3/2024 19:43:23.838,pcp,https://t.me/shujumaimai
9/3/2024 19:43:23.838,pcp,https://t.me/Laonarou118
9/3/2024 19:43:23.838,pcp,https://t.me/mrxiaopcpclub
9/3/2024 19:43:23.838,pcp,https://t.me/fangzhenqi
9/3/2024 19:43:23.838,pcp,https://t.me/fangzhenq
9/3/2024 19:43:23.838,pcp,https://t.me/jjvjbjvjvj
9/3/2024 19:43:23.838,pcp,https://t.me/sidasoutuiguangyinliufeiqi
9/3/2024 19:44:34.676,狗推,https://t.me/fewfer6
9/3/2024 19:44:34.676,狗推,https://t.me/ghfdgfhfhf
9/3/2024 19:44:34.676,狗推,https://t.me/huashu1x
9/3/2024 19:44:34.676,狗推,https://t.me/huashuz1
9/3/2024 19:44:34.676,狗推,https://t.me/madou110
9/3/2024 19:44:34.676,狗推,https://t.me/TG09211
9/3/2024 19:44:58.419,成人,https://t.me/hao1234_z7
9/3/2024 19:44:58.419,成人,https://t.me/qyfls88
9/3/2024 19:44:58.419,成人,https://t.me/madoucm001
9/3/2024 19:44:58.419,成人,https://t.me/hao1234bot_ai
9/3/2024 19:44:58.419,成人,https://t.me/aihuanlian999
9/3/2024 19:44:58.419,成人,https://t.me/JinPingMei
9/3/2024 19:44:58.419,成人,https://t.me/TG682
9/3/2024 19:44:58.419,成人,https://t.me/fgfx4aguhh
9/3/2024 19:44:58.419,成人,https://t.me/QIDian_CN
9/3/2024 19:44:58.419,成人,https://t.me/TG672
9/3/2024 19:44:58.419,成人,https://t.me/Mmm8xx
9/3/2024 19:45:22.044,gun,https://t.me/GuangxiAV
9/3/2024 19:45:22.044,gun,https://t.me/SuperPalyreChain
9/3/2024 19:45:22.044,gun,https://t.me/guotv
9/3/2024 19:45:22.044,gun,https://t.me/dayouxi
9/3/2024 19:45:22.044,gun,https://t.me/higutv
9/3/2024 19:45:22.044,gun,https://t.me/machavideo
9/3/2024 19:45:22.044,gun,https://t.me/dufkhsekjf
9/3/2024 19:45:22.044,gun,https://t.me/baoguangcb
9/3/2024 19:45:22.044,gun,https://t.me/pgt777
9/3/2024 19:45:45.626,约会,https://t.me/suzhou98a
9/3/2024 19:45:45.626,约会,https://t.me/WODIKJKFC
9/3/2024 19:45:45.626,约会,https://t.me/nanmosd
9/3/2024 19:45:45.626,约会,https://t.me/rS2qZ1oR6v
9/3/2024 19:45:45.626,约会,https://t.me/yunnany
9/3/2024 19:46:09.199,做爱,https://t.me/odysseyplus
9/3/2024 19:46:09.199,做爱,https://t.me/hongye_GZS_08
9/3/2024 19:46:09.199,做爱,https://t.me/missspa1
9/3/2024 19:46:09.199,做爱,https://t.me/LP99168aa
9/3/2024 19:46:09.199,做爱,https://t.me/xsb7892awee
9/3/2024 19:46:09.199,做爱,https://t.me/Wmchadang
9/3/2024 19:46:09.199,做爱,https://t.me/yixingyintui
9/3/2024 19:46:09.199,做爱,https://t.me/DY_zh_cn
9/3/2024 19:46:09.199,做爱,https://t.me/DYzh_cn
9/3/2024 19:46:09.199,做爱,https://t.me/DY2345zh_cn
9/3/2024 19:46:09.199,做爱,https://t.me/YH_zh_cn
9/3/2024 19:46:09.199,做爱,https://t.me/heiliao5
9/3/2024 19:46:09.199,做爱,https://t.me/RRDBEEE
9/3/2024 19:46:09.199,做爱,https://t.me/YLZHCS
9/3/2024 19:46:09.199,做爱,https://t.me/studysignal
9/3/2024 19:46:09.199,做爱,https://t.me/jiedazongqun
9/3/2024 19:46:56.258,赌博,https://t.me/r3v8x
9/3/2024 19:46:56.258,赌博,https://t.me/dubowangzhi789
9/3/2024 19:46:56.258,赌博,https://t.me/ppc0021
9/3/2024 19:46:56.258,赌博,https://t.me/wangdupt8
9/3/2024 19:46:56.258,赌博,https://t.me/ucct00
9/3/2024 19:46:56.258,赌博,https://t.me/x0zZWVi
9/3/2024 19:46:56.258,赌博,https://t.me/ywnk11
9/3/2024 19:46:56.258,赌博,https://t.me/jyotcq
9/3/2024 19:46:56.258,赌博,https://t.me/Zw1NTE
9/3/2024 19:46:56.258,赌博,https://t.me/Y0OTF
9/3/2024 19:46:56.258,赌博,https://t.me/qkldb1
9/3/2024 19:46:56.258,赌博,https://t.me/wenrouxiang1
9/3/2024 19:47:19.912,bet,https://t.me/dubaidl
9/3/2024 19:47:19.912,bet,https://t.me/MBEDAO
9/3/2024 19:47:19.912,bet,https://t.me/nk6d3
9/3/2024 19:47:19.912,bet,https://t.me/ajj917
9/3/2024 19:47:19.912,bet,https://t.me/pa8kc
9/3/2024 19:47:19.912,bet,https://t.me/vbet988
9/3/2024 19:47:19.912,bet,https://t.me/bvh8k
9/3/2024 19:47:19.912,bet,https://t.me/HashBC
9/3/2024 19:47:19.912,bet,https://t.me/newbetvip
9/3/2024 19:48:07.012,轨道料,https://t.me/CVV339
9/3/2024 19:48:07.012,轨道料,https://t.me/cvv_dump
9/3/2024 19:48:30.564,键盘手,https://t.me/diyishuma188
9/3/2024 19:48:30.564,键盘手,https://t.me/caishenzhuandan
9/3/2024 19:48:30.564,键盘手,https://t.me/jianpan_shubiao
9/3/2024 19:48:30.564,键盘手,https://t.me/jianpan007
9/3/2024 19:48:30.564,键盘手,https://t.me/sm8080808
9/3/2024 19:48:54.103,棋牌,https://t.me/qpchg2
9/3/2024 19:48:54.103,棋牌,https://t.me/dhb3b88
9/3/2024 19:48:54.103,棋牌,https://t.me/cu3bdf2
9/3/2024 19:48:54.103,棋牌,https://t.me/djh28fs
9/3/2024 19:48:54.103,棋牌,https://t.me/qipai1116
9/3/2024 19:48:54.103,棋牌,https://t.me/kghxcg8
9/3/2024 19:48:54.103,棋牌,https://t.me/erheh5j
9/3/2024 19:48:54.103,棋牌,https://t.me/ghyy5588
9/3/2024 19:48:54.103,棋牌,https://t.me/yygg6675
9/3/2024 19:48:54.103,棋牌,https://t.me/mjqpwg1
9/3/2024 19:48:54.103,棋牌,https://t.me/qipai_baoma
9/3/2024 19:48:54.103,棋牌,https://t.me/QP_SJ1
9/3/2024 19:49:17.715,接码,https://t.me/jiema_kefu001
9/3/2024 19:49:17.715,接码,https://t.me/jiema_3S
9/3/2024 19:49:17.715,接码,https://t.me/jiemab0
9/3/2024 19:49:17.715,接码,https://t.me/jiemaq5
9/3/2024 19:49:17.715,接码,https://t.me/jiemaq6
9/3/2024 19:49:17.715,接码,https://t.me/jiemaq7
9/3/2024 19:49:17.715,接码,https://t.me/SMSActivateruCN_8
9/3/2024 19:49:17.715,接码,https://t.me/jiema_cv1
9/3/2024 19:49:17.715,接码,https://t.me/feiyu63
9/3/2024 19:49:17.715,接码,https://t.me/make888_liudehua2020
9/3/2024 19:49:17.715,接码,https://t.me/diqiujiema3
9/3/2024 19:50:04.791,少妇,https://t.me/nanningx
9/3/2024 19:50:04.791,少妇,https://t.me/fg1gi9
9/3/2024 19:50:04.791,少妇,https://t.me/baijiale1234
9/3/2024 19:50:04.791,少妇,https://t.me/kkw289
9/3/2024 19:50:04.791,少妇,https://t.me/awjqad
9/3/2024 19:50:28.342,挖矿,https://t.me/znssdh
9/3/2024 19:50:28.342,挖矿,https://t.me/yhgiua
9/3/2024 19:50:28.342,挖矿,https://t.me/wakuang2021
9/3/2024 19:50:28.342,挖矿,https://t.me/wanxiangyunkong
9/3/2024 19:50:28.342,挖矿,https://t.me/sasas2s
9/3/2024 19:50:28.342,挖矿,https://t.me/hao12wak
9/3/2024 19:50:28.342,挖矿,https://t.me/hao123wak
9/3/2024 19:50:28.342,挖矿,https://t.me/wsadf031
9/3/2024 19:50:28.342,挖矿,https://t.me/sdsfdhxgfukygiuuytr
9/3/2024 19:50:28.342,挖矿,https://t.me/J7IE6SW
9/3/2024 19:50:51.925,菜商,https://t.me/HWDBM
9/3/2024 19:50:51.925,菜商,https://t.me/hao1234_hao_123
9/3/2024 19:50:51.925,菜商,https://t.me/telegram
9/3/2024 19:50:51.925,菜商,https://t.me/acgck
9/3/2024 19:51:38.936,楼凤,https://t.me/haikoushangx
9/3/2024 19:51:38.936,楼凤,https://t.me/oooooSxb
9/3/2024 19:51:38.936,楼凤,https://t.me/oooooSxd
9/3/2024 19:51:38.936,楼凤,https://t.me/ooooosxy
9/3/2024 19:52:02.623,仿真,https://t.me/kk95271188
9/3/2024 19:52:02.623,仿真,https://t.me/fangzhenqiang0
9/3/2024 19:52:02.623,仿真,https://t.me/fangzhenqiang
9/3/2024 19:52:02.623,仿真,https://t.me/fangzhenqiang1
9/3/2024 19:52:02.623,仿真,https://t.me/kk952188
9/3/2024 19:52:02.623,仿真,https://t.me/QQ178899
9/3/2024 19:52:02.623,仿真,https://t.me/QQ1558
9/3/2024 19:52:02.623,仿真,https://t.me/QQ18996
9/3/2024 19:52:02.623,仿真,https://t.me/h54r7
9/3/2024 19:52:02.623,仿真,https://t.me/g2wyg
9/3/2024 19:52:02.623,仿真,https://t.me/iopkjhfti88
9/3/2024 19:52:02.623,仿真,https://t.me/iopkjhfti87
9/3/2024 19:52:49.659,黑客,https://t.me/hk6668
9/3/2024 19:52:49.659,黑客,https://t.me/ccgongji1
9/3/2024 19:52:49.659,黑客,https://t.me/shujus999888
9/3/2024 19:52:49.659,黑客,https://t.me/shujuyuok4
9/3/2024 19:52:49.659,黑客,https://t.me/daoyuabogdajkgcb34
9/3/2024 19:52:49.659,黑客,https://t.me/shujuzcbjf18
9/3/2024 19:52:49.659,黑客,https://t.me/ygdxjlk4
9/3/2024 19:52:49.659,黑客,https://t.me/shujushangdgj24
9/3/2024 19:52:49.659,黑客,https://t.me/shujuasdf9
9/3/2024 19:52:49.659,黑客,https://t.me/hacker_pd333
9/3/2024 19:52:49.659,黑客,https://t.me/pacongheike
9/3/2024 19:52:49.659,黑客,https://t.me/SgvwsGvws
9/3/2024 19:52:49.659,黑客,https://t.me/wmx98999
9/3/2024 19:52:49.659,黑客,https://t.me/IOIOPOI89
9/3/2024 19:55:34.829,枪支,https://t.me/txtygfdlzs
9/3/2024 20:00:18.293,卡佬,https://t.me/AI_newsletter
9/3/2024 20:06:13.119,吗啡,https://t.me/haobotdev
9/3/2024 20:08:34.832,挂马,https://t.me/hackerkaxio
9/3/2024 20:08:34.832,挂马,https://t.me/malaysiacn
9/3/2024 20:13:41.433,做爱,https://t.me/blowjob888
9/3/2024 20:13:41.433,做爱,https://t.me/cjyspr
9/3/2024 20:13:41.433,做爱,https://t.me/saobi886
9/3/2024 20:13:41.433,做爱,https://t.me/leiqi51
9/3/2024 20:13:41.433,做爱,https://t.me/koujiaoss
9/3/2024 20:13:41.433,做爱,https://t.me/funzuoa
9/3/2024 20:13:41.433,做爱,https://t.me/Lianzugesd
9/3/2024 20:14:28.559,赌博,https://t.me/jmhbdb
9/3/2024 20:14:52.258,bet,https://t.me/bethdogecn
9/3/2024 20:18:24.837,菜商,https://t.me/cais0
9/3/2024 20:18:24.837,菜商,https://t.me/haiwaishuju_huaqiao
9/3/2024 20:20:46.598,澳门,https://t.me/aomenbocai789
9/3/2024 20:20:46.598,澳门,https://t.me/OBZSB789
9/3/2024 20:20:46.598,澳门,https://t.me/dfkj398hjd
9/3/2024 20:20:46.598,澳门,https://t.me/GTY888LH
9/3/2024 20:20:46.598,澳门,https://t.me/dih194
9/3/2024 20:20:46.598,澳门,https://t.me/iua929d
9/3/2024 20:20:46.598,澳门,https://t.me/aocai
9/3/2024 20:20:46.598,澳门,https://t.me/sdhrty4g
9/3/2024 20:20:46.598,澳门,https://t.me/aomenjinsha1
9/3/2024 20:26:41.177,gun,https://t.me/ntuw4t
9/3/2024 20:26:41.177,gun,https://t.me/k3g3s
9/3/2024 20:26:41.177,gun,https://t.me/douyinguanzhu2
9/3/2024 20:26:41.177,gun,https://t.me/s47xa
9/3/2024 20:26:41.177,gun,https://t.me/i74xa
9/3/2024 20:26:41.177,gun,https://t.me/s47uc
9/3/2024 20:26:41.177,gun,https://t.me/shikalm
9/3/2024 20:26:41.177,gun,https://t.me/douyinsixin
9/3/2024 20:26:41.177,gun,https://t.me/mmgzs6
9/3/2024 20:32:11.983,菜商,https://t.me/telochat_cn
