background,kind,input,content
Telegram_Chat_Message,赌博,"下面是一段telegram的聊天记录，请判断其是否与黑灰产相关，若相关请将其进一步分类：
-------------
博彩三网实时数据，日活跃数据
综合盘数据
棋牌数据
六合数据
彩票数据
电子捕鱼
体育数据
稳定出数中，可以指定平台网址抓取。保证实时一手数据.
目前日活跃数据稳定量高，8~15的效果！具体数值看团队
五千条起定，可选择运营商，地区
-------------
下单客服：**@kkiip88**",这是一段与赌博相关的黑灰产聊天记录。
Telegram_Chat_Message,赌博,"下面是一段telegram的聊天记录，请判断其是否与黑灰产相关，若相关请将其进一步分类：
#[尊龙凯时](http://z888.bet/)最近活动预告
五一劳动大丰收，总奖1000000，冠军爽拿108888.联系**@ZLKS868**即可申请；

活动详情：https://serhg.com/register
**注册即18元，首存100送100，一倍流水****@ZLKS868**

注册网址:z888.bet
注册网址:ag88.org
注册网址:z789.bet

",这是一段与赌博相关的黑灰产聊天记录。
Telegram_Chat_Message,赌博,"下面是一段telegram的聊天记录，请判断其是否与黑灰产相关，若相关请将其进一步分类：
**#群友投稿********#豪利777********#黑款500万****

在豪利输了1000w的大哥，终究还是被杀猪了******

从豪利旗下平台玩起开始到18胜再到豪利，前前后后在豪利共计两年多时间，输了一千W,好不容易回血了500万，豪利已各种理由开始推脱，直接把账号也给封了。

微信专员也把我拉黑了，找在线客服直接窗口弹出啦。如有能提供中国市场负责人国内家人位置的定重谢。

我刚才菲律宾回国，我现在对豪利恨之入骨，如果能给我他国内家人地址一定重谢",这是一段与赌博相关的黑灰产聊天记录。
Telegram_Chat_Message,赌博,"下面是一段telegram的聊天记录，请判断其是否与黑灰产相关，若相关请将其进一步分类：
**J9九游会中文站PG重新上架**

#PG电子已上线！
#PG电子已上线！！
#PG电子已上线！！！

**AG集团官方登录地址**：
九游会：j9vip1.com
九游会：j9vip2.com
九游会：j9vip3.com

无需实名绑卡
支持全球号码
日充提/洗码均无上限隐私性极高
会员永不掉级
电子反水1%，无需等待钱包内一键结算
可参加优惠和首存活动
人民币USDT双充值渠道
**菲律宾美国台湾IP**",这是一段与赌博相关的黑灰产聊天记录。
Telegram_Chat_Message,赌博,"下面是一段telegram的聊天记录，请判断其是否与黑灰产相关，若相关请将其进一步分类：
**捕鱼本人亲测！！！直接了家人们，上了七百下一万，简直不要太刺激了

联系我开户爆分****@jx25568****

下载链接****boy7777.cc****
网页链接****boy8888.cc****

邀请码25568

支持USDT存取款**",这是一段与赌博相关的黑灰产聊天记录。
Telegram_Chat_Message,赌博,"下面是一段telegram的聊天记录，请判断其是否与黑灰产相关，若相关请将其进一步分类：
**老澳门六合彩简称私彩，就是说私人开的奖，并不是什么官方开奖，说白了就是吃大赔小，我们是跟内幕人员配合劫持了澳彩大数据，所以才有内幕资料

老澳彩六码稳赢

合作查看置顶扫一扫V
合作查看置顶扫一扫V**",这是一段与赌博相关的黑灰产聊天记录。
Telegram_Chat_Message,赌博,"下面是一段telegram的聊天记录，请判断其是否与黑灰产相关，若相关请将其进一步分类：
[@SOSO](https://t.me/soso?start=a_6098952331)付费轮播广告

[PG电子/麻将胡了/官方授权/好打好爆/提款秒到！](https://t.me/PgGameSlotBot)

PG电子@PgGameSlotBot人民币版本！无须注册,上分即可娱乐,提款秒到！@okpay,USDT上下分,方便快捷！官方自营,放心娱乐！交流群：@buyu
分享给好友不论输赢获得他的下注奖励！动动手指月入上万，躺赚！",这是一段与赌博相关的黑灰产聊天记录。
Telegram_Chat_Message,赌博,"下面是一段telegram的聊天记录，请判断其是否与黑灰产相关，若相关请将其进一步分类：
[@SOSO](https://t.me/soso?start=a_6098952331)付费轮播广告

[腾博会娱乐](https://t.me/tttttt)

腾博会旗下游戏：汇旺担保公群加拿大PC28,网盘28,2.8倍pc28哈希28，哈希老虎百家乐，电子，捕鱼，骰子游戏，赌场百家乐
汇旺担保总上押200万美金，放心娱乐！",这是一段与赌博相关的黑灰产聊天记录。
Telegram_Chat_Message,赌博,"下面是一段telegram的聊天记录，请判断其是否与黑灰产相关，若相关请将其进一步分类：
[【每日福利视频更新，关注我不迷路】](https://t.me/flpdvip)

送一波福利注册充值有福利
冲500送188
冲1000送388
冲3000送588

奥队链接：aodui37.app
球速链接：qs1377.cc
球速备用：qs1377.cc/r/8sy4

猫头鹰彩金机客服：@MTY_vip",这是一段与赌博相关的黑灰产聊天记录。
Telegram_Chat_Message,赌博,"下面是一段telegram的聊天记录，请判断其是否与黑灰产相关，若相关请将其进一步分类：
[体育丨电竞丨AG丨真人丨百家乐丨彩票丨棋牌丨电子丨
](http://www.xc665.com/)投注网址：https://www.xc665.com/#/
备用网址：xcty.app
以上网址注册送18，首存100送100彩金专线：@LDll88
不限ip：资金安全干净极速存取。可U存U出，无需银行卡提款",这是一段与赌博相关的黑灰产聊天记录。
Telegram_Chat_Message,赌博,"下面是一段telegram的聊天记录，请判断其是否与黑灰产相关，若相关请将其进一步分类：
[有水](https://t.me/zhaoshangbupindao)我们只提供一个平台，让您带走属于您的成功和财富！！！
领彩金请点击彩金专员：@kyqp33
[进入平台](https://595x302.xyz/)[交流公群](https://t.me/yulejiaoliu666)",这是一段与赌博相关的黑灰产聊天记录。
Telegram_Chat_Message,赌博,"下面是一段telegram的聊天记录，请判断其是否与黑灰产相关，若相关请将其进一步分类：
【TES二比零WE拿下夏季赛首胜！JKL一包四名场面】
亚博体育爱游戏乐鱼华体会诚聘代理
亚博系四大平台代理团队线都可开，佣金可预支，团队组建场地扶持-资金扶持，55%佣金比例，300/人头费，2%流水佣金！
华体会：849hthvip.com
乐鱼：2714leyu.com
爱游戏：aiyouxi1791.com
亚博：7439yabo.com
二狗招商官网：dl2022.com
打不开请用国内网络，关掉vpn，使用谷歌浏览器",这是一段与赌博相关的黑灰产聊天记录。
Telegram_Chat_Message,赌博,"下面是一段telegram的聊天记录，请判断其是否与黑灰产相关，若相关请将其进一步分类：
【供】
一手直播/彩票/棋牌/综合一手盘总
卡发机房收量，支持任意验证，刚复活，量大；小盘勿扰，支持厚款跑量
移动一天400w
联电一天400w
联系人：@tiantian8889
只走汇旺担保,拉群或发广告联系@hwdb,其他担保勿扰",这是一段与赌博相关的黑灰产聊天记录。
Telegram_Chat_Message,赌博,"下面是一段telegram的聊天记录，请判断其是否与黑灰产相关，若相关请将其进一步分类：
【盘带、射门、传球，请欣赏卡卡在欧冠的精彩助攻】

注册一百送一百需要联系二狗@DLergou2
华体会：849hthvip.com
乐鱼：2714leyu.com
爱游戏：aiyouxi1791.com
亚博：7439yabo.com
二狗招商官网：dl2022.com
打不开请用国内网络，关掉vpn，使用谷歌浏览器",这是一段与赌博相关的黑灰产聊天记录。
Telegram_Chat_Message,赌博,"下面是一段telegram的聊天记录，请判断其是否与黑灰产相关，若相关请将其进一步分类：
【潜在客户转化】

【开元棋牌】综合平台诚邀代理
百万扶持推广方案渠道分享
棋牌|电子|捕鱼|真人百家乐|体育|彩票|电竞

客损代理业内最高**70%**点位+**人头费
**流水代理佣金日结，适合新人小白

个人工作室团队网红主播电销媒体
渗透劫持黑帽站长SEOASO
CPACPS各种社群群主有流量就能变现",这是一段与赌博相关的黑灰产聊天记录。
Telegram_Chat_Message,赌博,"下面是一段telegram的聊天记录，请判断其是否与黑灰产相关，若相关请将其进一步分类：
24小时为您办理上分下分服务联系QQ：2530448304纸飞机：@hngj100866线上赌场实力之一《华纳娱乐》全网公平公正公开点击下载APP手机玩电脑玩开元棋牌体育娱乐官方网址：www.978879.tv平台游戏有：真人视讯，BG真人，电子，老虎机，麻将胡，棋牌，体育，捕鱼等等多种类游戏【百家乐牛牛炸金花龙虎游戏官网：www.396369.com】",这是一段与赌博相关的黑灰产聊天记录。
Telegram_Chat_Message,赌博,"下面是一段telegram的聊天记录，请判断其是否与黑灰产相关，若相关请将其进一步分类：
旗舰厅百家乐锦标赛，百战称王
每日16:00.20:00场场万元大奖。等你来赢
官网：https://www.d3506.com
无需实名只用邮箱注册地址：www.1039d.com
详情请咨询：AG联盟招商负责人-阿莱@AGZS88",这是一段与赌博相关的黑灰产聊天记录。
Telegram_Chat_Message,赌博,"下面是一段telegram的聊天记录，请判断其是否与黑灰产相关，若相关请将其进一步分类：
首次在老哥/老姐发表任意内容的帖子，通过审核即可获得10次抽奖，博IPhone,999彩金，刮刮卡最高10万大奖。

新客户注册送18元，联系客服申请
备用域名点这里
注册网址:z888.bet
注册网址:ag88.org
注册网址:z789.bet
(尊龙凯时做为整个市场当天无限取款的台子，是所有大客户的首选。选择我们，您得到保障，也是对我们的认可。谢谢@ZLKS868一直都在，为您服务！)",这是一段与赌博相关的黑灰产聊天记录。
Telegram_Chat_Message,赌博,"下面是一段telegram的聊天记录，请判断其是否与黑灰产相关，若相关请将其进一步分类：
尊龙凯时最新活动（1/25-1/27)
论坛发帖，晒出当日有效流水可以领取红包，1万888可领取88元，18万8800可领取888元
官网：【https://www.d3550.com】
官网：【https://www.d3552.com】
详情请咨询：阿莱@AGZS88",这是一段与赌博相关的黑灰产聊天记录。
Telegram_Chat_Message,赌博,"下面是一段telegram的聊天记录，请判断其是否与黑灰产相关，若相关请将其进一步分类：
亚博体育爱游戏乐鱼华体会诚聘代理
[王二狗官方代理网站点击此处
](http://dl2022.com/)[联系招商经理二狗点击此处
](https://t.me/DLergou2)亚博系四大平台代理团队线都可开，佣金可预支，团队组建场地扶持-资金扶持，55%佣金比例，300/人头费，2%流水佣金",这是一段与赌博相关的黑灰产聊天记录。
Telegram_Chat_Message,赌博,"下面是一段telegram的聊天记录，请判断其是否与黑灰产相关，若相关请将其进一步分类：
电子游戏易爆分，会员充值988，爆分16W，5分钟提款到账！

Telegram：@dlam369（添加专员领取彩金）
Flygram：betb881

注册网址：[betb8877.com](http://betb8877.com/)（浏览器打开）
备用网址：[betb88.net](http://betb88.net/)（浏览器打开）",这是一段与赌博相关的黑灰产聊天记录。
Telegram_Chat_Message,赌博,"下面是一段telegram的聊天记录，请判断其是否与黑灰产相关，若相关请将其进一步分类：
牛牛、三公、炸金花等棋牌游戏应有尽有，供会员随心选择！

telegram：@dlam369（添加专员领取彩金）
Flygram：betb88

**注册网址：**[**betb8877.com**](http://betb8877.com/)**（浏览器打开）
备用网址：**[**betb883.com**](http://betb883.com/)**（浏览器打开）**",这是一段与赌博相关的黑灰产聊天记录。
Telegram_Chat_Message,赌博,"下面是一段telegram的聊天记录，请判断其是否与黑灰产相关，若相关请将其进一步分类：
真人棋牌游戏，排配速度快、对战精彩刺激！
棋牌游戏玩法多样简单易上手，天天随便赢！

Telegram：@dlam369（添加专员领取彩金）
Flygram：betb881

注册网址：[betb8877.com](http://betb8877.com/)（浏览器打开）
备用网址：[betb88.net](http://betb88.net/)（浏览器打开）",这是一段与赌博相关的黑灰产聊天记录。
Telegram_Chat_Message,黑客,"下面是一段telegram的聊天记录，请判断其是否与黑灰产相关，若相关请将其进一步分类：
**出售高端免杀远控
可过火绒，QQ管家，Windows10自带杀软，稳定免杀最少一星期（支持走担保交易测试，别一直问有没有免费测试）
有需要的可联系****@DaIao_IT****。。
鸽子以及记者别来**",这是一段与黑客相关的黑灰产聊天记录。
Telegram_Chat_Message,黑客,"下面是一段telegram的聊天记录，请判断其是否与黑灰产相关，若相关请将其进一步分类：
**利用GFW漏洞进行勒索的恶行正在蔓延**

越来越多的信息表明有人正以屏蔽网站为要挟勒索大中型境外华文站点。

攻击者通过向目标网站提交大量包含违禁词的http明文请求、将被墙域名解析到目标网站所用IP等方式触发GFW的封锁机制。

攻击者要求网站以低廉的价格给他们投放广告，如果拒绝则进行上述的栽赃嫁祸。

更为糟糕的是越来越多的人正照猫画虎，当你有一把锤子看什么都像钉子。

那些选择托管于境外呕心沥血成长起来的网站现在要面临新的挑战。

[消息等级LevelB#重要]",这是一段与黑客相关的黑灰产聊天记录。
Telegram_Chat_Message,黑客,"下面是一段telegram的聊天记录，请判断其是否与黑灰产相关，若相关请将其进一步分类：
**全国核酸信息地址查询**

24小时人工客服在线天眼查NB@chadang_NB
私聊发不出消息联系小秘书@chadangNB_bot",这是一段与黑客相关的黑灰产聊天记录。
Telegram_Chat_Message,黑客,"下面是一段telegram的聊天记录，请判断其是否与黑灰产相关，若相关请将其进一步分类：
**淘宝多地址查询，提供手机号**

24小时人工客服在线天眼查NB@chadang_NB
私聊发不出消息联系小秘书@chadangNB_bot",这是一段与黑客相关的黑灰产聊天记录。
Telegram_Chat_Message,黑客,"下面是一段telegram的聊天记录，请判断其是否与黑灰产相关，若相关请将其进一步分类：
**特殊通知

12月21号比特派.币安.欧意.汇旺.IM等仿真app钱包系统维护两天，23号恢复正常使用，给大家带来的不便敬请谅解!

网银P图软件，手机银行.仿真app等均正常使用！

有什么问题联系2号客服:****@hongye**_02",这是一段与黑客相关的黑灰产聊天记录。
Telegram_Chat_Message,黑客,"下面是一段telegram的聊天记录，请判断其是否与黑灰产相关，若相关请将其进一步分类：
**外卖购买记录

**提供手机号，查询结果包括：**购买物品、消费金额、收货地址、收货时间
**每日**限量**出单，先到先得

24小时人工客服在线天眼查NB@chadang_NB
私聊发不出消息联系小秘书@chadangNB_bot",这是一段与黑客相关的黑灰产聊天记录。
Telegram_Chat_Message,黑客,"下面是一段telegram的聊天记录，请判断其是否与黑灰产相关，若相关请将其进一步分类：
******抓住年底机会，立即获取定制安卓远控的最新更新！

********能想象一下使用远控并劫持一个加密货币钱包，获取80000U的快乐吗？

********我的一个客户就是凭借独特的一键盗U和免杀绕过功能实现了这一壮举。

********终身许可证附带了大规模上机综合方法和各种教程。**


******联系小猫咨询：****@maomi13**",这是一段与黑客相关的黑灰产聊天记录。
Telegram_Chat_Message,黑客,"下面是一段telegram的聊天记录，请判断其是否与黑灰产相关，若相关请将其进一步分类：
[天眼查档查人手机定位开房记录网逃卡冻司法人肉微提聊天记录户籍银行流水社工库社工人鬼](https://t.me/tianyanchaAC)
天眼查手机定位开房记录查档
手机定位
同住记录
支付实名
名下车房
银行流水
婚姻记录
查出入境
三网实名
微信提取
通话记录
网逃人员
全家户籍
手机反查",这是一段与黑客相关的黑灰产聊天记录。
Telegram_Chat_Message,黑客,"下面是一段telegram的聊天记录，请判断其是否与黑灰产相关，若相关请将其进一步分类：
【登录注册接口通道】，100%抓取登录注册用户数据

金融/贷款/手游/相亲交友/期货/股票/投顾/POS等一系列适用率100%",这是一段与黑客相关的黑灰产聊天记录。
Telegram_Chat_Message,黑客,"下面是一段telegram的聊天记录，请判断其是否与黑灰产相关，若相关请将其进一步分类：
【短信劫持通道】；通过收到过特定短信的人群做为人群定向；比如贷款通知，注册通知，变动通知等形式的短信内容进行差别；三网；一般为近期统一提取；分普通通道/内容通道/全格式通道；普通通道主要判别短信抬头标签如【平安银行】；内容通道会差别【标签】【内容字数】【可变量数量】；全格式会自带完整收到的短信内容（通常是诈骗才用，此通道要求较高，且价格昂贵，风险较高，正规行业不建议走全格式通道）通常5000条起；支持单条内容指定抓！三网；可指定地区！
@Gzsocorro",这是一段与黑客相关的黑灰产聊天记录。
Telegram_Chat_Message,黑客,"下面是一段telegram的聊天记录，请判断其是否与黑灰产相关，若相关请将其进一步分类：
【供】
(继码通IM聊天软件)
新版飞机协议自主开发搭建
(市场唯一自带VPN聊天软件)
刷单炒群抢红包并发200万稳
全球语言包,海外精聊自带翻译
获取客户通讯录功能,后台查询
拥有全球地图的虚拟定位功能
开版请联系@jmt56789
只走汇旺担保,拉群或发广告联系@hwdb,其他担保勿扰",这是一段与黑客相关的黑灰产聊天记录。
Telegram_Chat_Message,黑客,"下面是一段telegram的聊天记录，请判断其是否与黑灰产相关，若相关请将其进一步分类：
【供】
出全行业，国内，海外，各种数据，流量
另接一切渗透定制等。支持一切担保验证！
联系人：@taidu66
只走汇旺担保,拉群或发广告联系@hwdb,其他担保勿扰",这是一段与黑客相关的黑灰产聊天记录。
Telegram_Chat_Message,黑客,"下面是一段telegram的聊天记录，请判断其是否与黑灰产相关，若相关请将其进一步分类：
【供】
海内外全球数据
海外房产，车主，网赚，购物，消费人群，苹果iM用户，实时过滤数据，筛选年龄/性别，过库，过活跃，过WhatsAppTelegram等
国内宝妈数据，空降数据，车主数据，股票数据，棋牌数据，彩票数据，贷款数据
钉钉数据，支付宝/微信双开数据，苹果iM数据
以上数据支持测试，价格优惠，需要的联系
是否支持担保：支持
担保费谁承担：可测试
联系人：@dfh0709
只走汇旺担保,拉群或发广告联系@hwdb,其他担保勿扰",这是一段与黑客相关的黑灰产聊天记录。
Telegram_Chat_Message,黑客,"下面是一段telegram的聊天记录，请判断其是否与黑灰产相关，若相关请将其进一步分类：
【供】
源头出一手数据
国内：/ios电销/实时im数据/网购/三,四要素/党员/业主/企/银行/各种类型保险/投资理财/社保/公积金/指定app抓取/微拉快递数据
海外：ws/lns/Zalo/line/Kakao/Viber/TG/Mobile/Skype/SnapChat/领英/币安/推特/脸书/微软/亚马逊/全球站点可抓
联系人：@ayoyo120
只走汇旺担保,拉群或发广告联系@hwdb,其他担保勿扰",这是一段与黑客相关的黑灰产聊天记录。
Telegram_Chat_Message,黑客,"下面是一段telegram的聊天记录，请判断其是否与黑灰产相关，若相关请将其进一步分类：
【供应编号：0059】
------------------------
HTTP劫持、DNS劫持渗透破解拿站攻防

行业数据、安防部署、查档服务
渗透资源、入侵后台、设备监控
-------------------------
暗网下单客服少帅@HK899
暗网入口@anwang9982",这是一段与黑客相关的黑灰产聊天记录。
Telegram_Chat_Message,黑客,"下面是一段telegram的聊天记录，请判断其是否与黑灰产相关，若相关请将其进一步分类：
【供应编号：0078】
-------------------------
诚接一切非法攻击目标：网站/服务器/app/棋牌/私服/资金盘/支付接口/s站/服务器/攻击网站/支持包小时。包天。包月。垄断项目。另出售攻击流量软件，打哪死哪。欢迎老板咨询。（没实力的别来问.浪费时间）
-------------------------
暗网下单客服少帅@HK899
暗网入口@anwang9982",这是一段与黑客相关的黑灰产聊天记录。
Telegram_Chat_Message,黑客,"下面是一段telegram的聊天记录，请判断其是否与黑灰产相关，若相关请将其进一步分类：
1.指定app抓取数据
SDK/三网抓取/提供目标apk文件/包名，通过抓活跃、安装用户，精准高，覆盖面广

2.指定网站和app抓取数据
DPI/移动运营商联通运营商电信运营商提供网址链接/app,抓取当天点击，访问用户，时效性高，精准度高


3.短信验证码标签
提供短信标签、如【平安普惠】您的验证码为，查收到此标签与验证码的用户，精准度最高，适合有短信接受平台的目标",这是一段与黑客相关的黑灰产聊天记录。
Telegram_Chat_Message,黑客,"下面是一段telegram的聊天记录，请判断其是否与黑灰产相关，若相关请将其进一步分类：
1免杀木马分装到落地页自动下载APK
2可自定义伪装成任何APP图标名称，可做二开盘口，一盘两用
3前端不运营盘口可下载隐藏桌面图标
4一键数字，图案解锁
5时时GPS定位
6通讯录短信相信一键获取
7APP防卸载，过手机防毒，不掉线
8屏下开相机
9币安，火币，OKEX等交易所黑屏转账提币
10冷钱包助记词，密码时时记录，黑屏下操作钱包
11盗u盗刷，棋牌监控银行卡钱包转账。
12话筒监测
13所有操作记录文档
14.....更多功能时时更新
搭建后老客户免费包更新",这是一段与黑客相关的黑灰产聊天记录。
Telegram_Chat_Message,黑客,"下面是一段telegram的聊天记录，请判断其是否与黑灰产相关，若相关请将其进一步分类：
24小时承接CC攻击
滑块验证验证码验证5秒浏览器识别JS跳转301跳转交互式质询(点击验证)验证码质询JS质询429速率验证谷歌验证码验证加速CDN(阿里云腾讯云微软亚马逊德迅快快吞金大禹)高防自建CDN等各类高防
挑战各种高难度请发送目标和价格不要浪费时间",这是一段与黑客相关的黑灰产聊天记录。
Telegram_Chat_Message,黑客,"下面是一段telegram的聊天记录，请判断其是否与黑灰产相关，若相关请将其进一步分类：
CC攻击大流量团队24小时在线接单承认：网站/APP/私服/棋牌/色站/博彩/资金盘/等一系列攻击长期稳定同时出页端独享位置欢迎各位老板联系洽淡",这是一段与黑客相关的黑灰产聊天记录。
Telegram_Chat_Message,黑客,"下面是一段telegram的聊天记录，请判断其是否与黑灰产相关，若相关请将其进一步分类：
ddos攻击、博彩被黑、电销数据实时数据*宝妈数据、车主数据金融数据网站入侵，外挂开发，手机平台入侵窃取,博彩改单等相关领域业务*亚博数据棋牌数据、欧易数据*信托数据医护数据、捕鱼数据*黑客改成绩_黑客修改成绩_黑客修改大学成绩彩票数据、购物数据*.
@Gzsocorro",这是一段与黑客相关的黑灰产聊天记录。
Telegram_Chat_Message,黑客,"下面是一段telegram的聊天记录，请判断其是否与黑灰产相关，若相关请将其进一步分类：
Geph'sauthenticationserverappearstobedown,possiblyduetoaDDoSattack.Wearefixingthisrightnowandservicewillberestoredmomentarily.

迷雾通登录系统目前下线了，怀疑是遭到某种DDoS攻击。我们正在尽快修复，请稍等",这是一段与黑客相关的黑灰产聊天记录。
Telegram_Chat_Message,黑客,"下面是一段telegram的聊天记录，请判断其是否与黑灰产相关，若相关请将其进一步分类：
https://download.secondlive.games/1/1/XCC11NVD远控3.22测试版.exe
这是NVD远控3.22免费测试版，下载安装后体验效果，找客服@aa55203领取账号密码和激活码",这是一段与黑客相关的黑灰产聊天记录。
Telegram_Chat_Message,黑客,"下面是一段telegram的聊天记录，请判断其是否与黑灰产相关，若相关请将其进一步分类：
出FireFox漏洞，可以注入任意代码

受影响系统：
MozillaFirefox<88.0.1
MozillaFirefoxforAndroid<88.1.3
描述：
----------------------------------------------------
CVE(CAN)ID:CVE-2021-29952

火狐88.0.1以前的系统，皆可以注入。拿到shell
具体请联系我，@dbdata1",这是一段与黑客相关的黑灰产聊天记录。
Telegram_Chat_Message,黑客,"下面是一段telegram的聊天记录，请判断其是否与黑灰产相关，若相关请将其进一步分类：
盗U盗刷实操演示

一键解锁并且盗U

利用一键解锁+屏幕控制+键盘记录

简单粗暴易上手

盗刷Yin行道理一样因没有账户无法演示

技术联系：@honke868",这是一段与黑客相关的黑灰产聊天记录。
Telegram_Chat_Message,黑客,"下面是一段telegram的聊天记录，请判断其是否与黑灰产相关，若相关请将其进一步分类：
高端订制稳定免杀远控，单文件、过免杀、带启动、记录、捆绑、映射、后台屏幕、清除/获取浏览器及Skype账号密码，具体详细内容联系客服@DaIao_IT",这是一段与黑客相关的黑灰产聊天记录。
Telegram_Chat_Message,黑客,"下面是一段telegram的聊天记录，请判断其是否与黑灰产相关，若相关请将其进一步分类：
格式：“ID”，”用户名”，“密码”，“电子邮件”，“位置”，“州”，“IP”，“全名”，“名字”，“姓氏”，“出生日期”，“街道”，“郊区”，“邮政编码”,,”国家”，“家庭电话”，“工作电话”，“移动电话”，“性别”，选择电话呼叫"",""选择电子邮件"",""选择短信"",""流动令牌”
类型：新闻网-shell渗透
#澳大利亚#本土#全格式",这是一段与黑客相关的黑灰产聊天记录。
Telegram_Chat_Message,黑客,"下面是一段telegram的聊天记录，请判断其是否与黑灰产相关，若相关请将其进一步分类：
接：渗透Dns劫持攻击瘫痪指定拿站改单修改数据监听监控等各种业务如有被黑被骗需要追回等有业务
接单中，拖库，渗透，破解，提权，改单，爆破，DDOS攻击，Dns劫持，网站挂马，蠕虫病毒
等你来@Gold_Leopard",这是一段与黑客相关的黑灰产聊天记录。
Telegram_Chat_Message,黑客,"下面是一段telegram的聊天记录，请判断其是否与黑灰产相关，若相关请将其进一步分类：
接单中
信息泄露、代码审计Cookie伪造、社会工程、命令注入、XSS盲打、端口扫描、x-forwarded-for绕过限制、orderby注入、SQL注入、搜索型SQL注入、SSRF漏洞、CSRF漏洞、PHP反序列化、WAF绕过漏洞、暴力破解、目录遍历、文件包含、任意代码执行、文件上传漏洞、任意文件下载、弱口令、隐藏字段、robots.txt、j2ee框架漏洞、Strtus2框架漏洞、PHP反序列化、ZIP://伪协议漏洞、TOMCAT漏洞、权限漏洞、业务逻辑支付漏洞、旁注漏洞、JS前端校验等。",这是一段与黑客相关的黑灰产聊天记录。
Telegram_Chat_Message,黑客,"下面是一段telegram的聊天记录，请判断其是否与黑灰产相关，若相关请将其进一步分类：
可以搞中马人群:
资金盘，感情盘，海外盘，虚拟货币盘，点赞刷单盘，BC盘人员，投资盘，跑分者等等你们可以从他们电脑中获取对方客户资料，公司模式，推广模式，甚至有一部分的人员会把后台帐号密码储存在电脑，当然还有你们最关心的如何盗取对方的资金跟U等等...
有意者联系：@YKMM3",这是一段与黑客相关的黑灰产聊天记录。
Telegram_Chat_Message,黑客,"下面是一段telegram的聊天记录，请判断其是否与黑灰产相关，若相关请将其进一步分类：
强大的内网渗透辅助工具集支持rdp，ssh，redis，postgres，mongodb，mssql，mysql，winrm等服务爆破，快速的端口扫描，强大的web指纹识别，各种内置服务的一键利用（包括ssh完全交互式登录，mssql提权，redis一键利用，mysql数据库查询，winrm横向利用，多种服务利用支持socks5代理执行）
需要合作请联系；@Gzsocorro",这是一段与黑客相关的黑灰产聊天记录。
Telegram_Chat_Message,黑客,"下面是一段telegram的聊天记录，请判断其是否与黑灰产相关，若相关请将其进一步分类：
渗透抓包(耗时，精准)输入输出验证不充分、设计缺陷、环境缺陷、sq|注入、XSS、csrf、目录穿越、文件上传、代码注入、命令注入、信息泄漏、暴力破解、越权漏洞、非授权对象引用、业务逻辑缺陷、框架漏洞、基础环境漏洞。信息收集-->攻击测试--->提升权限-->扩
选择顺序（个人建议）渗透dpisdk短信
渗透技术团队，可渗透，可拿后台，可更改服务器，可入侵等等@ThanhS0803",这是一段与黑客相关的黑灰产聊天记录。
Telegram_Chat_Message,黑客,"下面是一段telegram的聊天记录，请判断其是否与黑灰产相关，若相关请将其进一步分类：
使用MIDL，生成的processchain.h就是我们需要的

技术拿站，爆破，技术可测，带预算和站点来。@Hacker_CityM",这是一段与黑客相关的黑灰产聊天记录。
Telegram_Chat_Message,黑客,"下面是一段telegram的聊天记录，请判断其是否与黑灰产相关，若相关请将其进一步分类：
淘宝多地址查询
提供手机号或者sfz查询对方的姓名电话收货地址

24小时人工客服在线天眼查NB@chadang_NB
私聊发不出消息联系小秘书@chadangNB_bot",这是一段与黑客相关的黑灰产聊天记录。
Telegram_Chat_Message,黑客,"下面是一段telegram的聊天记录，请判断其是否与黑灰产相关，若相关请将其进一步分类：
土耳其赌博网站数据。BC类，带身份证存款，先到先得。指定站的客户直接报量，不要问能不能出，没有攻破不了的站，不管国内还是海外，只要不涉及政治，不危害国家安全的站都可以拿。还有量少的，想白嫖的，免测的傻逼滚，有些傻逼不懂网络还直接叫我进站把数据截图出来，攻击站不用时间呀。以为买白菜一样直接手拿就可以了下单联系：下单客服：@huanqiuyishoushuju22",这是一段与黑客相关的黑灰产聊天记录。
Telegram_Chat_Message,黑客,"下面是一段telegram的聊天记录，请判断其是否与黑灰产相关，若相关请将其进一步分类：
万象高端稳定免杀远控，单文件、多文件、过360全套和win10安全中心、过360启动、键盘记录、捆绑、映射、清除/获取游览器账号密码等等，tg人手必备。998U/月。",这是一段与黑客相关的黑灰产聊天记录。
Telegram_Chat_Message,黑客,"下面是一段telegram的聊天记录，请判断其是否与黑灰产相关，若相关请将其进一步分类：
网址：混合
国家:美国
数量：500W
类型：博彩
获取时间：2022/11/05
数据类型：电子邮件名字姓氏地址城市来源货币金额
价格：咨询",这是一段与黑客相关的黑灰产聊天记录。
Telegram_Chat_Message,黑客,"下面是一段telegram的聊天记录，请判断其是否与黑灰产相关，若相关请将其进一步分类：
稳定免杀，小马耐操
可以过所有主流杀软
实力不多说，目测小马抗过60天不死，就简单这几个字，市面所有功能都有，不做多解析，绝不留后门，1300U一个月不议价如遇上特殊情况更新时间超过3天一律补回时间，市面上独家超级服务

**联系方式：****@meimei658i**",这是一段与黑客相关的黑灰产聊天记录。
Telegram_Chat_Message,黑客,"下面是一段telegram的聊天记录，请判断其是否与黑灰产相关，若相关请将其进一步分类：
一键解锁手机屏幕

一键开屏

一键图案解锁

一键密码解锁

只需鱼苗输入过一次解锁密码系统会自动记录我们只需要点击一键解锁即可开屏
技术联系：@honke868",这是一段与黑客相关的黑灰产聊天记录。
Telegram_Chat_Message,黑客,"下面是一段telegram的聊天记录，请判断其是否与黑灰产相关，若相关请将其进一步分类：
易游
www.eu238.com
新得利
xdl19.com
金佰利
jbl8022.com
宝运来
bao358.com
x-bet
xbet27.com

综合盘渗透一手还有直接提",这是一段与黑客相关的黑灰产聊天记录。
Telegram_Chat_Message,黑客,"下面是一段telegram的聊天记录，请判断其是否与黑灰产相关，若相关请将其进一步分类：
因最近工作需求，需要对一些备案网站进行监测，寻找其存在的漏洞，例如主页篡改，挂暗链，弱口令等。在此期间发现一个有趣的案例，前来分享

一打开就提示404notfound，但是标题又提示官网-官方网，查看源代码发现恶意js

不难看出就是判断了一个UA头，如果是pc访问，就提示404，如果是手机访问就跳转正常博彩网页，方便用户下载APP，代码中主要是对网页标签进行修改，按找xss注入来说，类似于dom型注入（主要看innerHTML）

利用Python爬虫网站渗透",这是一段与黑客相关的黑灰产聊天记录。
Telegram_Chat_Message,黑客,"下面是一段telegram的聊天记录，请判断其是否与黑灰产相关，若相关请将其进一步分类：
有综合，直播，真实渗透，抓取，爬虫的来聊，只合作真实有效料商，虚假无诚意请不要来赌运气。收一手直播机房！速速联系@api99aa",这是一段与黑客相关的黑灰产聊天记录。
Telegram_Chat_Message,黑客,"下面是一段telegram的聊天记录，请判断其是否与黑灰产相关，若相关请将其进一步分类：
域名劫持是互联网攻击的一种方式，通过攻击域名解析服务器（DNS），或伪造域名解析服务器（DNS）的方法，把目标网站域名解析到错误的地址，其效果就是对特定的网址不能访问或访问的是假网址，",这是一段与黑客相关的黑灰产聊天记录。
Telegram_Chat_Message,黑客,"下面是一段telegram的聊天记录，请判断其是否与黑灰产相关，若相关请将其进一步分类：
原始户籍现在开通老底子都能查出来
需要的老板联系

24小时人工客服在线天眼查NB@chadang_NB
私聊发不出消息联系小秘书@chadangNB_bot",这是一段与黑客相关的黑灰产聊天记录。
Telegram_Chat_Message,黑客,"下面是一段telegram的聊天记录，请判断其是否与黑灰产相关，若相关请将其进一步分类：
源头超级签V3tfmdm企业签

【签名app自带推送】
APK安卓报毒免杀过白
极速封装
app备案
免备案域名
老备案域名
全球服务器
个人开发者
企业开发者
谷歌ios上架
处理国内屏蔽，反假
一次合作终身服务
全网招实力代理@gaoqz8
全网招实力代理@gaoqz8",这是一段与黑客相关的黑灰产聊天记录。
Telegram_Chat_Message,黑客,"下面是一段telegram的聊天记录，请判断其是否与黑灰产相关，若相关请将其进一步分类：
源头出IOS国内外个人账号

批发、零售

欢迎超级签平台洽谈！

VX：zhao10346626
TG：@VIP00999
Skype：live:.cid.cd1e00c66c3eacd6",这是一段与黑客相关的黑灰产聊天记录。
Telegram_Chat_Message,黑客,"下面是一段telegram的聊天记录，请判断其是否与黑灰产相关，若相关请将其进一步分类：
源头公司直营iosAPP、一条龙服务。超级签，v2签名、企业v3签名，TF签，封装，报毒、自动apk报毒处理商务联系：@qm699防失联频道：https://t.me/ats2377",这是一段与黑客相关的黑灰产聊天记录。
Telegram_Chat_Message,黑客,"下面是一段telegram的聊天记录，请判断其是否与黑灰产相关，若相关请将其进一步分类：
远控最强版本可以多开后台。手势解锁，防卸载，桌面卸载后，还可控制。资产记录。市面最强。可多开后台多人使用。别拿那些垃圾东西比。在线率最强。不服来测",这是一段与黑客相关的黑灰产聊天记录。
Telegram_Chat_Message,黑客,"下面是一段telegram的聊天记录，请判断其是否与黑灰产相关，若相关请将其进一步分类：
支持oppo一键解锁现在几乎全解这次不会再泄露了除华为vivo其他较新机型都会在无障碍之后触发跳转自动关闭电池限制




最新版本，优化内核天线6.2
全网首家",这是一段与黑客相关的黑灰产聊天记录。
Telegram_Chat_Message,黑客,"下面是一段telegram的聊天记录，请判断其是否与黑灰产相关，若相关请将其进一步分类：
安卓远控木马,可键盘记录/通讯录/相册/视频监控/应用拦截/盗飞机/钱包获取/短信/

更多精品盗U，秒U工具。假钱包
合作商谈:@zhen00888",这是一段与黑客相关的黑灰产聊天记录。
Telegram_Chat_Message,黑客,"下面是一段telegram的聊天记录，请判断其是否与黑灰产相关，若相关请将其进一步分类：
远控更新6.0

无需开启无障碍拦截替换钱包

改良了钱包覆盖的稳定性

修改部分手机绕过权限失败的问题

现在支持隐藏和网页木马生成

优化了主控端的稳定性(告别掉线问题)

修复了一键图案解锁的bug(现在非常灵活)

购买远控联系@qaz8899999

ps:如有新颖以及实用功能或使用中发现bug及时向我反馈我会去更新功能和修复,防止恶意破解软件只接受付费发木马端测试(不开无障碍木马模式不接受测试我也不打算多卖)",这是一段与黑客相关的黑灰产聊天记录。
Telegram_Chat_Message,欺诈,"下面是一段telegram的聊天记录，请判断其是否与黑灰产相关，若相关请将其进一步分类：
#**曝光一个垃圾棋牌********#63棋牌****

刚刚接触到这个游戏，玩什么都是输，街机，捕鱼，棋牌，各种杀，牛牛从头杀到尾，牛九被吃，牛牛被吃**！

玩了两天输了两天，输了一万多，从来就没赢过这两天，问客服怎么回事，是不是黑台子，客服也是已读不回！真是活久见。大家一定要远离这种黑平台。",这是一段与欺诈相关的黑灰产聊天记录。
Telegram_Chat_Message,欺诈,"下面是一段telegram的聊天记录，请判断其是否与黑灰产相关，若相关请将其进一步分类：
#马来西亚#沙巴亚庇#海岛#比基尼


****[**狗推交流群**](https://t.me/TGbcfacai888)************[**电报导航中心**](https://t.me/daohang821)",这是一段与欺诈相关的黑灰产聊天记录。
Telegram_Chat_Message,欺诈,"下面是一段telegram的聊天记录，请判断其是否与黑灰产相关，若相关请将其进一步分类：
#骗子#吴跃彬#此人注意

福建盘总吴跃彬外号小吴林志新外号阿星做签证一直不结尾款天天说没钱没钱不要做签证之前办过的所有员工的护照首页全部发国内反诈中心大家都过一个好年！

解析:盘总是来搞笑的吗？",这是一段与欺诈相关的黑灰产聊天记录。
Telegram_Chat_Message,欺诈,"下面是一段telegram的聊天记录，请判断其是否与黑灰产相关，若相关请将其进一步分类：
#葡萄牙#法鲁#生活

[吃瓜曝光](https://t.me/tcsss)丨[狗推交流](https://t.me/gtsss)

[XP研究所](https://t.me/tjsss)丨[GIF出处](https://t.me/GIF998)",这是一段与欺诈相关的黑灰产聊天记录。
Telegram_Chat_Message,欺诈,"下面是一段telegram的聊天记录，请判断其是否与黑灰产相关，若相关请将其进一步分类：
#曝光
@Aagou990经查证此人经常在背后偷偷拔套去年因为线下无套其他人鸡鸡中毒，淋病鸡鸡流脓痛两个月，并激光打鸡治疗，请群内老师拉黑他，提醒大家要注意安全要带套套",这是一段与欺诈相关的黑灰产聊天记录。
Telegram_Chat_Message,欺诈,"下面是一段telegram的聊天记录，请判断其是否与黑灰产相关，若相关请将其进一步分类：
#曝光
@xihahao此人自己在电报被骗100块，好心跟他讲骗他的人可能是一哥，结果他到好反过来敲诈勒索群主要精神损失费从100块到500再到500u，有病有病的、果然好人没好下场",这是一段与欺诈相关的黑灰产聊天记录。
Telegram_Chat_Message,欺诈,"下面是一段telegram的聊天记录，请判断其是否与黑灰产相关，若相关请将其进一步分类：
#网友投稿

**昨天被假飞机骗了4500

**昨天下载到这个假飞机，里面有插件你发地址会变成骗子的地址。我换迪拉姆我提前把地址发给换汇的,然后后面把之前的地址删掉,然后有发了一个地址。

结果换汇的直接把u赚转到骗子的地址了，大家不要下载那个到假飞机",这是一段与欺诈相关的黑灰产聊天记录。
Telegram_Chat_Message,欺诈,"下面是一段telegram的聊天记录，请判断其是否与黑灰产相关，若相关请将其进一步分类：
#网友投稿
熬了三个月终于熬到回国了今天kk园区送人回国了目前今天走260个我也是其中的一个kk终于放人了
我们是住在金州c8的在哪里关了差不多三个月了终于达成所愿回国了
不知道在世纪园区里面关着的同胞们回去没有第一批的我先去给你们探探路",这是一段与欺诈相关的黑灰产聊天记录。
Telegram_Chat_Message,欺诈,"下面是一段telegram的聊天记录，请判断其是否与黑灰产相关，若相关请将其进一步分类：
#叶永毅#YAPYONGYEE#YAPYONGYEE#马来西亚柔佛

骗子纸飞机名字：Y.Y(歪歪）
这个狗逼，利用我兄弟的名誉说要3万马币才能把我兄弟从监狱捞出来，我兄弟的家人给他打款了3万马币，钱收到了就消失不见人了你这个死骗子，还说什么多年的朋友？你配吗？？


****免费爆料投稿：@cnmbg1",这是一段与欺诈相关的黑灰产聊天记录。
Telegram_Chat_Message,欺诈,"下面是一段telegram的聊天记录，请判断其是否与黑灰产相关，若相关请将其进一步分类：
**#曝光黑平台********#500国际****

狗逼黑庄，事情起因那天跟着他们打赛车**，我自己的网盘没有，群友给我推了一个网盘，各种吹牛逼说这个id十万美金买来的，操他血妈，群里全是机器人，那天路子好**5000打到40000一分不给下，直接通道维护说隔天下午再来，隔天下午直接把我号密码改了，最后说**一句500国际我操你血妈。",这是一段与欺诈相关的黑灰产聊天记录。
Telegram_Chat_Message,欺诈,"下面是一段telegram的聊天记录，请判断其是否与黑灰产相关，若相关请将其进一步分类：
**#曝光黑平台********#启航娱乐城****黑款两万U

启航娱乐城黑平台，本人在群里看到下载注册第一次操作1万U，输了，然后再去充值5000，打到了120000人民币，本金回来了，第一次取款9万人民币**，各自理由推脱，还说什么澳门监管，第二天直接冻结账户，垃圾启航，希望你们领导看到回复处理，群里天天都在发广告，我就天天举报。
**
没有一点格局的台子，还他妈东南亚第一去你妈的。**",这是一段与欺诈相关的黑灰产聊天记录。
Telegram_Chat_Message,欺诈,"下面是一段telegram的聊天记录，请判断其是否与黑灰产相关，若相关请将其进一步分类：
**【1】抖音新号实名，便宜好用

【2】抖音粉丝一千以上带实名（不用换绑，包上号，爆款推荐）

【3】抖音老号实名，高权重

【4】抖音万分实名带卡，接码直登，适合一切业务

【5】抖音首次注册，厅卡权重高

【6】抖音蓝v认证（秒通过）



一手直出抖音号/快手号/需要联系客服**",这是一段与欺诈相关的黑灰产聊天记录。
Telegram_Chat_Message,欺诈,"下面是一段telegram的聊天记录，请判断其是否与黑灰产相关，若相关请将其进一步分类：
**3名抢劫杀人犯罪嫌疑人潜逃至缅北电诈窝点，全部落网！

近日**，贵州省龙里县公安机关经过连续奋战，成功破获一起抢劫杀人案，3名非法潜逃至缅北电信网络诈骗窝点的犯罪嫌疑人全部落网。在此期间，专案组秉持“案件不破、决不收兵”的理念，及时扩线深挖，制定工作预案，多次前往云南普洱、西双版纳等地开展工作，最终锁定了3名犯罪嫌疑人的位置。近日，在云南公安机关和缅甸相关地方执法部门的大力协助下，3名犯罪嫌疑人被成功抓获归案，并顺利移交我方。",这是一段与欺诈相关的黑灰产聊天记录。
Telegram_Chat_Message,欺诈,"下面是一段telegram的聊天记录，请判断其是否与黑灰产相关，若相关请将其进一步分类：
**炮台收量,长期包养

收站点，播放器
|下载站|导航站|飞机附近粉群粉|
收代理真实流量诚信合作出鱼格外+5
合作模式：CPA参假一律不结预付免谈
所有一切真实流量渠道均可来撩
官方：****@maomaocpa**",这是一段与欺诈相关的黑灰产聊天记录。
Telegram_Chat_Message,欺诈,"下面是一段telegram的聊天记录，请判断其是否与黑灰产相关，若相关请将其进一步分类：
******独家二开授权无提示接码平台秒u盗u支持im**tp欧易web3波宝钱包TronLink

独家技术二开以上钱包完美无风险提示

前端不重要，值钱的是绕过了所有钱包的风险提示！上鱼量爆炸

无后门全开源直接运营级，识货的来",这是一段与欺诈相关的黑灰产聊天记录。
Telegram_Chat_Message,欺诈,"下面是一段telegram的聊天记录，请判断其是否与黑灰产相关，若相关请将其进一步分类：
**批发零售**：

**批发零售：微信、飞机、支付宝、蝙蝠QQ、抖音、快手、淘宝、陌陌、滴滴微博、小红书、知乎、积目、伊对闲鱼、探探、推特、火种、领英有缘、油管、GV、苹果ID海内外成品账号**",这是一段与欺诈相关的黑灰产聊天记录。
Telegram_Chat_Message,欺诈,"下面是一段telegram的聊天记录，请判断其是否与黑灰产相关，若相关请将其进一步分类：
**加拿大API接码全新号码上架-20000

所有冷门业务0.01起

招网站代理秒提现

另出whatsapp混合成品号码

客服:****https://t.me/duanxinka_bot**",这是一段与欺诈相关的黑灰产聊天记录。
Telegram_Chat_Message,欺诈,"下面是一段telegram的聊天记录，请判断其是否与黑灰产相关，若相关请将其进一步分类：
**开元棋牌的负责人你们全家吃屎了，充值50000。打到了11万提款一直失败，然后客服让第二天重试，今天账号都登录不进去了，问客服根本不承认我账号在他们平台，说他们的网址是125.vip**。

说我不在他们平台。滚你妈的。不就是叫开元棋牌，一晚上换个网站就不承认我的钱了？输不起开你麻痹的网站

****免费爆料投稿：@cnmbg1",这是一段与欺诈相关的黑灰产聊天记录。
Telegram_Chat_Message,欺诈,"下面是一段telegram的聊天记录，请判断其是否与黑灰产相关，若相关请将其进一步分类：
**项目：淘宝下单刷销量

利润：一单150一天保底1000+
（淘宝下单0风险散户团队都可接）

流程：下单结账退款

要求：不用交任何押金,一天一个实名号可做5单！！！

结账：可口可U可扫码
上押：6000U
项目对接：****@CYZF88888888****
项目公群：****@CY690808qihang**",这是一段与欺诈相关的黑灰产聊天记录。
Telegram_Chat_Message,欺诈,"下面是一段telegram的聊天记录，请判断其是否与黑灰产相关，若相关请将其进一步分类：
****[**狗推交流群**](https://t.me/TGbcfacai888)************[**电报导航中心**](https://t.me/daohang821)",这是一段与欺诈相关的黑灰产聊天记录。
Telegram_Chat_Message,欺诈,"下面是一段telegram的聊天记录，请判断其是否与黑灰产相关，若相关请将其进一步分类：
【push科技】
全网自媒体数据互动刷量提升

粉丝点赞评论
收藏转发播放量

支持全网平台
抖音
快手
微博
小红书
视频号
公众号
今日头条
哔哩哔哩
TikTok/国际版抖音
Twitter/推特
Telegram/电报
Instagram/ins
Youtube/油管

自助下单网址

push123.shop

电报客服：@pushkeji",这是一段与欺诈相关的黑灰产聊天记录。
Telegram_Chat_Message,欺诈,"下面是一段telegram的聊天记录，请判断其是否与黑灰产相关，若相关请将其进一步分类：
【供】
业务内容：日本本地一手车需要日本料
优势：稳拖出算
汇率/费率/费用：点位8日元兑美元汇率159/十二月二十日汇率
押金/佣金模式：双压/30000U以上
结算方式：卡接回U
其他要求：只接精聊要求保5天
联系人：@zzz0003333
只走汇旺担保,拉群或发广告联系@hwdb,其他担保勿扰",这是一段与欺诈相关的黑灰产聊天记录。
Telegram_Chat_Message,欺诈,"下面是一段telegram的聊天记录，请判断其是否与黑灰产相关，若相关请将其进一步分类：
【供】
全年无休稳定出
国内手机格式12-19冻结带资料扫码登录
国内手机格式12-19支付带正反扫码登录
香港12-19未短信登录
售后包新设备.包秒.密错包15天
50万张港卡接一切注册业务
只走汇旺担保
联系人：@zgzg666
只走汇旺担保,拉群或发广告联系@hwdb,其他担保勿扰",这是一段与欺诈相关的黑灰产聊天记录。
Telegram_Chat_Message,欺诈,"下面是一段telegram的聊天记录，请判断其是否与黑灰产相关，若相关请将其进一步分类：
【供】
业务内容：机房qq拉粉
优势：机房，日5000粉
汇率/费率/费用：25r一个粉
押金/佣金模式：需方，棋牌娱乐盘口上压.我方不压
结算方式：usdt
其他要求：要求数据保20天以上
联系人：@jhdh11
只走汇旺担保,拉群或发广告联系@hwdb,其他担保勿扰",这是一段与欺诈相关的黑灰产聊天记录。
Telegram_Chat_Message,欺诈,"下面是一段telegram的聊天记录，请判断其是否与黑灰产相关，若相关请将其进一步分类：
【供】
一手供应
3-8年一机一号精养号扫码登录
私人微信号年号扫码登录
全球WS商业6段大量出
售后包新设备.包秒.5分钟.
包15天找回
联系人:@zgzg666
只走汇旺担保,拉群或发广告联系@hwdb,其他担保勿扰",这是一段与欺诈相关的黑灰产聊天记录。
Telegram_Chat_Message,欺诈,"下面是一段telegram的聊天记录，请判断其是否与黑灰产相关，若相关请将其进一步分类：
GSM短信验证码通道：
目前可以跑一级/二级！可以出银行里面的贷款例如：（招商银行里面的闪电贷可以指定跑银行里面的贷款）5000条起（t1出数）@cais7777",这是一段与欺诈相关的黑灰产聊天记录。
Telegram_Chat_Message,欺诈,"下面是一段telegram的聊天记录，请判断其是否与黑灰产相关，若相关请将其进一步分类：
此人恶心到极点了，买了我的技术，自己远控不会用，想退钱，威胁我说去报警了，结果呢？自己拿着我的技术开了频道，去骗钱了，呵呵，大家小心为好，以后我的图片都会加上水印，我看你怎么盗图，操",这是一段与欺诈相关的黑灰产聊天记录。
Telegram_Chat_Message,欺诈,"下面是一段telegram的聊天记录，请判断其是否与黑灰产相关，若相关请将其进一步分类：
达利公群364罚款
原因公群老板拉小弟去给盘口代付
盘口把小弟拉黑删除提出公群

后面又跟我扯皮说是因为炸了粉。我搜索了一下近期记录。先把小弟踢出了群，拉黑。双向删除记录。幸好小弟提前录屏，被我抓到实质性的证据。1000U的公群让小弟准备1万代付钱这不是扯蛋吗.想要黑钱的公群老板，请勿来达利，在此警告。",这是一段与欺诈相关的黑灰产聊天记录。
Telegram_Chat_Message,欺诈,"下面是一段telegram的聊天记录，请判断其是否与黑灰产相关，若相关请将其进一步分类：
各位新年将至，不要被割韭菜，很多事使用DnSpy来修改Craxs等各种控制端，进行修改LOGO名称界面等一系列然后高价格售卖！这是骗子行为，请勿相信！",这是一段与欺诈相关的黑灰产聊天记录。
Telegram_Chat_Message,欺诈,"下面是一段telegram的聊天记录，请判断其是否与黑灰产相关，若相关请将其进一步分类：
卖假钞的骗子王权假钞被骗200
还做个曝光频道曝光别人其实自己就是大骗子
口令领完就拉黑

骗子ID@WQJFJC

**#曝光********#骗子********#王权假钞********#同行避雷****
=========================

全局曝光搜索点亮曝光吧
骗子无处不在我尽我所能
点亮曝光吧为您保驾护航

曝光/商务：****@Gudu357**",这是一段与欺诈相关的黑灰产聊天记录。
Telegram_Chat_Message,欺诈,"下面是一段telegram的聊天记录，请判断其是否与黑灰产相关，若相关请将其进一步分类：
曝光澳门银河，黑款不给出款，二月份充值五千多，昨天送一些彩金盈利了，卡款不让提款，说活跃度不够，一个月充五千活跃度，不够，完全是扯淡",这是一段与欺诈相关的黑灰产聊天记录。
Telegram_Chat_Message,欺诈,"下面是一段telegram的聊天记录，请判断其是否与黑灰产相关，若相关请将其进一步分类：
曝光下这个中介商，这个月才做的超级索引，没有一个星期，超级索引跑路了，1000多U，达摩合作了四五个月，今天也跑路了，加起来4000多U了，给大家一些意见，像飞机这些索引广告频道不要在做了，指不定都跑了，达摩和索引这样的都能跑",这是一段与欺诈相关的黑灰产聊天记录。
Telegram_Chat_Message,欺诈,"下面是一段telegram的聊天记录，请判断其是否与黑灰产相关，若相关请将其进一步分类：
曝光一个骗子频道，还在频道里发截图说我是骗子？你让他拿出证据！我这边的截图是九月初被骗的一个兄弟找到我曝光的，走投无路借来的钱，两万多全部被骗，已经报警，警方已经立案侦查，火币网官方正在协助警方查看币的去向，充币地址也是实名账户，估计很快该落网了。拿着之前在我们团队群里的内容发频道里骗小白，转完币之后就删除聊天记录并拉黑，还嘴上说从来不拉黑人，不是骗子心虚什么？问点技术上的问题一个也答不上来，自己和所谓的设备商自导自演。
信不信无所谓，看结果吧。",这是一段与欺诈相关的黑灰产聊天记录。
Telegram_Chat_Message,欺诈,"下面是一段telegram的聊天记录，请判断其是否与黑灰产相关，若相关请将其进一步分类：
起源通讯注册卡

162/171/165/170号段
可注册微信、QQ、抖音、快手、贴吧、小红书、知乎等国内主流APP；可注册WhatsApp、Quora、VK、Facebook、Insgram、Telegram等国外主流APP
60元一张，5张起发，百张起优惠",这是一段与欺诈相关的黑灰产聊天记录。
Telegram_Chat_Message,欺诈,"下面是一段telegram的聊天记录，请判断其是否与黑灰产相关，若相关请将其进一步分类：
起源通讯新业务
出售：
个人APP号系列：
QQ（月亮，单双太）
微信（国内外，老号）
抖音（爱思包，年号实名，员工号）
快手（注册白，注册实名）
淘宝支付宝一体账号
v2个人支付宝v3个人支付宝
企业系列：
企业QQ（企点3.10.30工）
企业支付宝（一拖二，一拖四）
企业微信（年绿超管）
企业钉钉（社区，税务局）
微博老号",这是一段与欺诈相关的黑灰产聊天记录。
Telegram_Chat_Message,欺诈,"下面是一段telegram的聊天记录，请判断其是否与黑灰产相关，若相关请将其进一步分类：
全球接码，出售各种持久账号
国内国外社交账号应有尽有
欢迎大家下单，手机自助下单
手机端（国内账号）国内社交账号自助下单网址：https://hao.sim-account.top/1.html?POZ7BWvP

手机端（国外账号）国外社交账号自助下单网址：https://hao.sim-account.top/2.html?POZ7BWvP

手机端接码平台自助下单网址：https://hao.sim-account.top/3.html?POZ7BWvP",这是一段与欺诈相关的黑灰产聊天记录。
Telegram_Chat_Message,欺诈,"下面是一段telegram的聊天记录，请判断其是否与黑灰产相关，若相关请将其进一步分类：
群里发一下，管不管用我发一下，上个月拉我去球速首存三千给我反188没给我，复存一万给我588官网208差我380，然后口令他给的都在图上，球速我输了一万，说好给安排888他把彩金给我算上了，前两天还给我说我让我在他这玩，55个点他只要5个点，我今天不是问暴龙他佣金发没发，他还不给我",这是一段与欺诈相关的黑灰产聊天记录。
Telegram_Chat_Message,欺诈,"下面是一段telegram的聊天记录，请判断其是否与黑灰产相关，若相关请将其进一步分类：
人心不古，先查、先查了打码验证等免开尊口，合作半年的都能为了一千多跑路。

原因如下：
1、报单查了，我就需要付出成本，而你可以选择不要或者跑单。

2、比如机主，名字身份证号码一起出的，不可能先告诉你一个名字；

3、比如微信反查，要审核，流程长，而且价格贵，更不可能先说出微信实名的名字，在付款了，万一你不要，成本谁来出；

4、还有说开房先给一条记录看到，麻痹的，又不是有现成的数据库可以马上看，联网的每天一回，另外开房有遗漏，没上传没刷证件等就没有。",这是一段与欺诈相关的黑灰产聊天记录。
Telegram_Chat_Message,欺诈,"下面是一段telegram的聊天记录，请判断其是否与黑灰产相关，若相关请将其进一步分类：
实卡接码对接上百种app

Telegram、Potato、QQ、蝙蝠
抖音、快手、淘宝、京东、百度贴吧
Soul、陌陌、滴滴、微博、小红书
知乎、积目、美团、闲鱼、探探等

承接全球各APP注册接码
全球190个国家号码

温馨提醒
注册登陆，平台取号码

实卡/虚拟接码
郑重承诺：永不顶号，包登录！

唯一客服！@kefu_1S",这是一段与欺诈相关的黑灰产聊天记录。
Telegram_Chat_Message,欺诈,"下面是一段telegram的聊天记录，请判断其是否与黑灰产相关，若相关请将其进一步分类：
序号：1863
供
提供类型：抖音自热贷款粉
对接方式/对接人：@kfc688867
群链接：https://t.me/+wXog6j4qSYoxMTdh
只走新币担保：@aaaa@bbbb@cccc@dddd@eeee@gggg@hhhh@ffff@iiii其他担保勿扰",这是一段与欺诈相关的黑灰产聊天记录。
Telegram_Chat_Message,欺诈,"下面是一段telegram的聊天记录，请判断其是否与黑灰产相关，若相关请将其进一步分类：
远离博恩远离司令
本人于1.28在博恩充值1000打到4600不给出款后面又联系到我1000本金退回说再打到1700又开始墨迹提款钱包一共300个U你指望他出款？本人常年在欧陆耀世留有100万+余额套利几千块钱？远离博恩只进不出千万别信他的任何一句话到最后1000块钱本金都不舍得出",这是一段与欺诈相关的黑灰产聊天记录。
Telegram_Chat_Message,欺诈,"下面是一段telegram的聊天记录，请判断其是否与黑灰产相关，若相关请将其进一步分类：
真人ck号0-5好友
真人ck号5-49好友
真人ck号50-100好友
真人ck号100-200好友
真人ck号200-500个好友
真人ck号500-1000个好友

真人邮箱耐用号0-5好友
真人邮箱耐用5-49好友
真人邮箱耐用号50-100好友
真人邮箱耐用号100-200好友
真人邮箱耐用号200-500个好友
真人邮箱耐用号500-1000个好友",这是一段与欺诈相关的黑灰产聊天记录。
Telegram_Chat_Message,欺诈,"下面是一段telegram的聊天记录，请判断其是否与黑灰产相关，若相关请将其进一步分类：
哇，这位新朋友真是热情啊！一上来就分享了一个万人在线红包扫雷群，还说喜欢玩的朋友点他主页进群玩尽兴。听起来好像很刺激呢，但是我们要小心上当受骗哦，大家记得保护好自己的个人信息和财产。

**~~ch***rk~~**成为第**37**个被封禁的用户，含有红包群和邀请进群的诱导性语言",这是一段与欺诈相关的黑灰产聊天记录。
Telegram_Chat_Message,欺诈,"下面是一段telegram的聊天记录，请判断其是否与黑灰产相关，若相关请将其进一步分类：
这位“**项***”同学真是个天才，居然能够通过微信扫码就能稳赚500+，简直是神仙一般存在。不过，如果你想要快速变成穷光蛋，那么就跟他一起玩吧！

**~~项*~~**成为第**1**个被封禁的用户，该用户发言中包含赌博和非法支付相关内容，且使用了微信扫码等引导用户参与的方式，符合垃圾广告特征。",这是一段与欺诈相关的黑灰产聊天记录。
Telegram_Chat_Message,欺诈,"下面是一段telegram的聊天记录，请判断其是否与黑灰产相关，若相关请将其进一步分类：
这位新朋友真是太有创意了！一上来就给大家分享了一个看起来非常靠谱的赌博网站，还有各种丰厚的奖金和红包等着你们呢！快去注册吧，说不定今天就能赚个盆满钵满呢！当然，我可不保证这个网站的合法性和安全性哦，大家自己小心上当受骗啊！

**~~太阳|*****669~~**成为第**11**个被封禁的用户，该发言包含赌博相关内容和广告特征词汇，提供非法服务和活动的链接。",这是一段与欺诈相关的黑灰产聊天记录。
Telegram_Chat_Message,欺诈,"下面是一段telegram的聊天记录，请判断其是否与黑灰产相关，若相关请将其进一步分类：
**新版发卡授权盗U系统**


全新二开的trc链授权秒U系统，支持imToken、BitKeep、欧意wed3钱包无提示授权

这个无需搭建后台，只支持Trc链，只有通过授权地址去扫鱼苗

独立网页手动提币，imToken、BitKeep最新版钱包完美授权",这是一段与欺诈相关的黑灰产聊天记录。
Telegram_Chat_Message,欺诈,"下面是一段telegram的聊天记录，请判断其是否与黑灰产相关，若相关请将其进一步分类：
【**逾期料**-**催收料**】网贷公司内部催收料子
一手实时料，每天出，价格:1.5/条，500条起，指定到省份，只出一次
逾期催收历史料，价格0.5/条，2000条起，指定到省份

【**网贷逾期料**-**短信历史**】22年逾期短信历史料，格式看图，价格0.18/条，一万条起，不能选平台，出全国
十万条起可指定城市
下单咨询：@shujuHK66",这是一段与欺诈相关的黑灰产聊天记录。
Telegram_Chat_Message,欺诈,"下面是一段telegram的聊天记录，请判断其是否与黑灰产相关，若相关请将其进一步分类：
【分期乐-申请料】分期乐，3号申请库，10万左右的量。找老板包，不散出。不免测。价格15万，有实力来，格式：姓名身份证号码额度时间@cais7777",这是一段与欺诈相关的黑灰产聊天记录。
Telegram_Chat_Message,欺诈,"下面是一段telegram的聊天记录，请判断其是否与黑灰产相关，若相关请将其进一步分类：
【有钱花-还款料】今年一手历史短信料，价格0.3/条,2000条起，出全国，不指定地区

【360-放款料】今年一手历史短信料，价格0.5/条,2000条起，出全国，不指定地区",这是一段与欺诈相关的黑灰产聊天记录。
Telegram_Chat_Message,欺诈,"下面是一段telegram的聊天记录，请判断其是否与黑灰产相关，若相关请将其进一步分类：
国内私人号1到5年大量现货，进群，加人，当主号，带支付，带账单，功能正常，价位不贵。
上号@ygysc666",这是一段与欺诈相关的黑灰产聊天记录。
Telegram_Chat_Message,其他,"下面是一段telegram的聊天记录，请判断其是否与黑灰产相关，若相关请将其进一步分类：
扬帆起航

达利投资100w人民币招推广员：全网招飞机推广员
40个一结，满了40个，每天晚上8点-结账每天轻松赚个200-300块
两天内没满十个的链接自动清除

项目推广结算群：@dazhanzhang",这是一段与黑灰产相关的聊天记录。
Telegram_Chat_Message,其他,"下面是一段telegram的聊天记录，请判断其是否与黑灰产相关，若相关请将其进一步分类：
【在被骗过吗？】

是不是遇到过上口不结账，代收被骗押金，买卡，买假钞，小额洗，针孔摄像头，交钱跑路不发货的情况，为什么不自己尝试一下去挣这个钱

假押纯利润项目：自定义上押多少u
1.汇旺精仿，六个挂群号，三款机器人
3.送公群赠送2000僵尸粉
2.另外包群维护，机器人维护

功能：验群、上课、下课、报备模板、支持验群
质询联系@hwry29
想挣钱看群@hwjyxgq",这是一段与黑灰产相关的聊天记录。
Telegram_Chat_Message,其他,"下面是一段telegram的聊天记录，请判断其是否与黑灰产相关，若相关请将其进一步分类：
#悬赏1万U

两个骗子从缅北瓦邦孟波跑路到柬埔寨，骗路费两个人说好到了给钱，结果到了金边两个人就逃跑了。提供线索酬谢1万$！也顺便提醒大家注意这两个死骗子。赏金猎人联系@langdgz",这是一段与黑灰产相关的聊天记录。
Telegram_Chat_Message,其他,"下面是一段telegram的聊天记录，请判断其是否与黑灰产相关，若相关请将其进一步分类：
**#群友爆料****：迪拜DIP园区股东阿东跑路。15号收的盘总的割了10Y以上。我是她旗下一个代理60多号员工本该结算4329012U费用到现在才结算2300000U现在消失联系不上我们该何去何从？**

她老婆在国内深圳买别墅。他妈的批辛苦钱都不给。我改不改结算给下面的员工工资？就先不说你的真实姓名和你老婆在深圳的位置，希望你主动给我结算。**赚了几个亿。2/3000万都不舍得出？格局呢？**",这是一段与黑灰产相关的聊天记录。
Telegram_Chat_Message,其他,"下面是一段telegram的聊天记录，请判断其是否与黑灰产相关，若相关请将其进一步分类：
**博安2024寻找飞机好项目我出钱你出项目

**人不傻但钱真的很多如果你有好的项目好的想法，联系我们。说出你的想法和要求，做一切能赚钱的项目。

我们出钱，你来运营，你来收款，你来分红！！！！

**博安110专注品牌出海PV突破300000+
不限IP国内可访问
菲律宾出海论坛****https://boan110.com/**

推荐好友USDT返现联系站长：@boankf

（一经采用直接拉群BOSS和财务安排资金）",这是一段与黑灰产相关的聊天记录。
Telegram_Chat_Message,其他,"下面是一段telegram的聊天记录，请判断其是否与黑灰产相关，若相关请将其进一步分类：
**出实时网贷/wd申请数据，实时劫持渗透数据，历史月内周内地区申请料子
合作ID：****@abcc998****
合作频道：****@abcc908**",这是一段与黑灰产相关的聊天记录。
Telegram_Chat_Message,其他,"下面是一段telegram的聊天记录，请判断其是否与黑灰产相关，若相关请将其进一步分类：
**传盛集团主营一手数据，出海五年专注于海外市场，提供各国：领英，币圈，投资理财，股民，招聘，车房主，奢侈购物，群发专用料，WS********TG********LINE********Skype********Viber********kakao********Zalo********RCS********IOS数据皆可筛选********主打合作共赢联系
****@chuansheng123********@chuhai709**",这是一段与黑灰产相关的聊天记录。
Telegram_Chat_Message,其他,"下面是一段telegram的聊天记录，请判断其是否与黑灰产相关，若相关请将其进一步分类：
**抖音直登实卡注册白

抖音直登实卡接码老号

抖音直登实名白号

抖音直登实名老号

抖音私人千粉三无老号

抖音私人千粉实名老号

抖音万粉号

**[一手渠道，欢迎来谈客服
](https://t.me/sms186)[【自助下单网站】【自助下单网站】【自助下单网站】

](https://lp931.com/)**抖音厅卡首次注册，接码直登，不限制手机，包人脸核对包秒封，抖音新号带实名，接码直登，大量有货**",这是一段与黑灰产相关的聊天记录。
Telegram_Chat_Message,其他,"下面是一段telegram的聊天记录，请判断其是否与黑灰产相关，若相关请将其进一步分类：
**翻身项目.拍商家收/款/码.1个100.拍店铺照1个150.拍豪车照1台1000.散户1天1万+.团队1天5万+无限收**了解主叶
2",这是一段与黑灰产相关的聊天记录。
Telegram_Chat_Message,其他,"下面是一段telegram的聊天记录，请判断其是否与黑灰产相关，若相关请将其进一步分类：
**全国公务员政府单位高质量一手料

东西好不好不是靠嘴说出来的，客户反馈回购率高，有效果才是硬道理，东西好当然价格也高**，一分钱，一分货下单联系客服：@shujuyuantou688",这是一段与黑灰产相关的聊天记录。
Telegram_Chat_Message,其他,"下面是一段telegram的聊天记录，请判断其是否与黑灰产相关，若相关请将其进一步分类：
[@SOSO](https://t.me/soso?start=a_6098952331)付费轮播广告

[老实人-阿辛四台合营代理中心欧洲杯代理诚招代理团队](https://t.me/jnty_996)

客损返佣：三个月佣金比例55%
流水返佣：体育电竞流水，最高可达500000
人头返佣：通过五个以上，最高可领299998
推荐返佣：介绍代理可拿4%-8%客损提成
优质会员专享奖励
数字货币累存奖励
会员首存体验金一百送一百
会员首存福利复存福利",这是一段与黑灰产相关的聊天记录。
Telegram_Chat_Message,其他,"下面是一段telegram的聊天记录，请判断其是否与黑灰产相关，若相关请将其进一步分类：
[1.抖音巨量开户](https://t.me/douyinjul/40)
2.抖音私信，采集30-55岁，股票交流，配资等视频的评论用户，筛选最近的，有作品近期活跃的，评论内容贴切的私信。",这是一段与黑灰产相关的聊天记录。
Telegram_Chat_Message,其他,"下面是一段telegram的聊天记录，请判断其是否与黑灰产相关，若相关请将其进一步分类：
[首存送100](https://t.me/xiaocai595)[招商专员](https://t.me/kyqp_MD)
[进入平台](https://595x302.xyz/)[开户专员](https://t.me/xiaocai006)
[吃瓜频道](https://t.me/xinwenba)[官方频道
](https://t.me/zhaoshangbupindao)[站长聚集地](https://t.me/yulejiaoliu666)",这是一段与黑灰产相关的聊天记录。
Telegram_Chat_Message,其他,"下面是一段telegram的聊天记录，请判断其是否与黑灰产相关，若相关请将其进一步分类：
【贷款类短信】
平台：【提钱游】【小花钱包】【榕树】【360借条】【马上消费金融】【你我贷】【好分期】【洋钱罐借款】【我来数科】【还呗】【桔多多】【小赢卡贷】【拍拍贷】【分期乐】【信用飞】【马上消费金融】【融360】【招联金融】【海尔消费金融】【永辉金融】【杭银消费】【豆豆钱】【微众银行】【美团月付】【恒小花】【放心借】

价格：0.5/条提数量：5000起出货日：次日出单格式：全国带格式/地区就螺号平台名称",这是一段与黑灰产相关的聊天记录。
Telegram_Chat_Message,其他,"下面是一段telegram的聊天记录，请判断其是否与黑灰产相关，若相关请将其进一步分类：
【广告】[杏彩体育14年老平台，诚聘代理，前三个月58%+每个月反水58888（不论输赢都有）+人头费加tg：@xcty333](https://t.me/xcty1231)
不好意思，未匹配到链接，您可以再次尝试

点击下方按钮进行翻页",这是一段与黑灰产相关的聊天记录。
Telegram_Chat_Message,其他,"下面是一段telegram的聊天记录，请判断其是否与黑灰产相关，若相关请将其进一步分类：
1.支持手机和电脑版银行转账图
2.微信聊天.支付宝聊天.抖声聊天.QQ聊天.LIEN聊天.
3.微信钱包，支付宝钱包，USDT钱包转账图
4.短信对话
5.营业执照，人像生成，身份证，工作证
6.网银转账集合48个国内外银行转账
7.交易所，机票、美股、港股、捐款、
7*24小时续费客服：@DY_YYD",这是一段与黑灰产相关的聊天记录。
Telegram_Chat_Message,其他,"下面是一段telegram的聊天记录，请判断其是否与黑灰产相关，若相关请将其进一步分类：
公群1044众兴集团烟业，一手货源，诚信第一.质量保证，合作共赢！以最好的质量！最快的速度，最高的服务，共赢的思维，长期合作！备注:（本集团正宗一手货源，可订制打码，当天物流！）

公群链接：https://t.me/+UFMQFO2m1Qw1M2Fh",这是一段与黑灰产相关的聊天记录。
Telegram_Chat_Message,其他,"下面是一段telegram的聊天记录，请判断其是否与黑灰产相关，若相关请将其进一步分类：
你好，本人回国没多久，赌博输没了，现在重新想出去发展，之前在金三角做过，不去缅北，不偷渡，泰国这边也可以，不去菲律宾不去迪拜。本人不需要公司给一分钱，只提供机票和签证，中介啥的勿扰，这两天就想出发，谢谢！联系人
@aaaaqwe12

注：频道内容未核实和担保，请自行辨别",这是一段与黑灰产相关的聊天记录。
Telegram_Chat_Message,其他,"下面是一段telegram的聊天记录，请判断其是否与黑灰产相关，若相关请将其进一步分类：
求职：
在迪拜，91年厨师，要求公司厨师，私家厨师，薪水1万6以上即可。可以马上开工
擅长川菜，粤菜，家常菜
有意者带茶水联系@johnkr99

注：频道内容未核实和担保，请自行辨别",这是一段与黑灰产相关的聊天记录。
Telegram_Chat_Message,其他,"下面是一段telegram的聊天记录，请判断其是否与黑灰产相关，若相关请将其进一步分类：
求职：年龄26男本科，英语四级，目前人在国内，有护照想找一个不压护照，不禁足，求塞尔维亚，格鲁吉亚，塞浦路斯等欧洲地区的工作。
Telegram:@youyou262

注：频道内容未核实和担保，请自行辨别",这是一段与黑灰产相关的聊天记录。
Telegram_Chat_Message,其他,"下面是一段telegram的聊天记录，请判断其是否与黑灰产相关，若相关请将其进一步分类：
求职：四个人在柬，00后寻求好的公司发展，有推广经验，没有赔付，私信我直接发待遇公司名字公司在哪中介勿扰！联系：@bobo583

注：频道内容未核实和担保，请自行辨别",这是一段与黑灰产相关的聊天记录。
Telegram_Chat_Message,其他,"下面是一段telegram的聊天记录，请判断其是否与黑灰产相关，若相关请将其进一步分类：
求职HR,年龄40，在菲5年，老人事，要求外宿，有房补，帕赛附近公司，对年龄限制的勿扰，亚博旗下勿扰，谢谢，@xianren9527

注：频道内容未核实和担保，请自行辨别",这是一段与黑灰产相关的聊天记录。
Telegram_Chat_Message,其他,"下面是一段telegram的聊天记录，请判断其是否与黑灰产相关，若相关请将其进一步分类：
求职seo工作，目前7个人男90年人6年黑帽经验护照在手已辞职。人在柬埔寨金边随时入职目前做的产品是色站每天600万ip左右棋牌每天700+开户辞职原因提成问题我是团队负责人可以去菲迪拜缅甸勿扰@aabc667

注：频道内容未核实和担保，请自行辨别",这是一段与黑灰产相关的聊天记录。
Telegram_Chat_Message,其他,"下面是一段telegram的聊天记录，请判断其是否与黑灰产相关，若相关请将其进一步分类：
项目名称：PC接待接粉2半3全
项目介绍：全网唯一pc2半3全
3年老盘口，质量稳定可靠，接粉使用，用号柔和轻松拿全天，日需位置100+
价格：220-280
联系人：@changjiangpc
@Huanghe899
币安公群https://t.me/+E8-3zdRmgf01Y2Nh",这是一段与黑灰产相关的聊天记录。
Telegram_Chat_Message,其他,"下面是一段telegram的聊天记录，请判断其是否与黑灰产相关，若相关请将其进一步分类：
项目名称：PG电子8896送18
注册：https://www.8896111.cc/#/home
申请：https://8896yh.cc/
出款情况：未知

新用户注册绑卡去申请网址自行申请6元彩金申请到了第二天还可以申请12元彩金这种平台特邀基本人人都有游戏和提款限制自行查看优惠

【不建议充值黑款自行承担】",这是一段与黑灰产相关的聊天记录。
Telegram_Chat_Message,其他,"下面是一段telegram的聊天记录，请判断其是否与黑灰产相关，若相关请将其进一步分类：
项目名称：vx话术单
项目介绍：添加通过两张图片算一单。数剧大量一次性可以发完。团队数剧在每人100600条。支持提前结款。团队散户都要。雷算单！
价格：2025
联系人：@zhangjian588
频道：https://t.me/+HnBckaPfaHgyMjg1

查看发布者【累计广告发布1次】",这是一段与黑灰产相关的聊天记录。
Telegram_Chat_Message,其他,"下面是一段telegram的聊天记录，请判断其是否与黑灰产相关，若相关请将其进一步分类：
新库+数量：195W越南（VitNam）_时装服装库--网址：WWW.Gumac.VN包含客户姓名客户出生年/月/日客户个人手机号电话客户购买总价记录客户地址客户邮箱客户送货姓名客户送货省份地址等~！网站可以验证库~!时装服装库--网站：WWW.Gumac.VN",这是一段与黑灰产相关的聊天记录。
Telegram_Chat_Message,其他,"下面是一段telegram的聊天记录，请判断其是否与黑灰产相关，若相关请将其进一步分类：
需要实卡接码的联系@kefu_1S

有以下国家的卡


美国卡
英国卡
菲律宾
法国卡
德国卡
荷兰卡
墨西哥卡
印尼卡
泰国红卡
新西兰卡
马来橙色
西班牙卡
香港卡
澳门卡",这是一段与黑灰产相关的聊天记录。
Telegram_Chat_Message,其他,"下面是一段telegram的聊天记录，请判断其是否与黑灰产相关，若相关请将其进一步分类：
序号：1111
供
提供类型：微信支付宝云闪付QQ手银码各种无视通道24小时上课中
优势：无视风控丝滑
对接方式/对接人：@axx12312@ztzhanshen@geLaoguan8
群链接：https://t.me/+jnXbWtWKrR5hOTEx
只走新币担保：@aaaa@bbbb@cccc@dddd@eeee@gggg@hhhh@ffff@iiii其他担保勿扰",这是一段与黑灰产相关的聊天记录。
Telegram_Chat_Message,其他,"下面是一段telegram的聊天记录，请判断其是否与黑灰产相关，若相关请将其进一步分类：
序号：1746
供：各种盘口来谈
提供类型：一手出微信号钉钉苹果华为、小米、oppo、各种备份包，批发零售
优势：价格低稳定靠谱售后无忧
对接方式/对接人：@CXTX668899
群链接：https://t.me/+CPxMA6yzcjQyZmQy
只走新币担保：@aaaa@bbbb@cccc@dddd@eeee@gggg@hhhh@ffff@iiii其他担保勿扰",这是一段与黑灰产相关的聊天记录。
Telegram_Chat_Message,其他,"下面是一段telegram的聊天记录，请判断其是否与黑灰产相关，若相关请将其进一步分类：
越南（VitNam）-奢侈品数据-----5000条(1)越南（VitNam）-奢侈品数据-----5000条(1)下单联系：下单客服：@huanqiuyishoushuju22",这是一段与黑灰产相关的聊天记录。
Telegram_Chat_Message,其他,"下面是一段telegram的聊天记录，请判断其是否与黑灰产相关，若相关请将其进一步分类：
实卡接码对接上百种app

Telegram、Potato、QQ、蝙蝠
抖音、快手、淘宝、京东、百度贴吧
Soul、陌陌、滴滴、微博、小红书
知乎、积目、美团、闲鱼、探探等",这是一段与黑灰产相关的聊天记录。
Telegram_Chat_Message,其他,"下面是一段telegram的聊天记录，请判断其是否与黑灰产相关，若相关请将其进一步分类：
群呼系统坐席任意外显无归属国显港澳显
线路稳定可对接okcc,vos,gs等群呼手拨均可
免坐席费无充值额度限制联系客服@vvvv1388S6",这是一段与黑灰产相关的聊天记录。
Telegram_Chat_Message,枪支,"下面是一段telegram的聊天记录，请判断其是否与黑灰产相关，若相关请将其进一步分类：
14000高配
参数名称：PSE
型号：FANGHD（中文：坊）
速度最高：405FPS。
动力冲程：14.5“
轴对轴：18”
牵引重量：205磅
总长：35.5英寸；
重量：7.3磅。

标配：原装瞄准器助力绳3只剑剑盒弦蜡减震块",这是一段与枪支相关的黑灰产聊天记录。
Telegram_Chat_Message,枪支,"下面是一段telegram的聊天记录，请判断其是否与黑灰产相关，若相关请将其进一步分类：
1911最后一把
动力：C02钢瓶气动
产地：湾湾
口径：6mm硬珠
价格5500
材质：全铝合金。钢制弹夹
**详情咨询客服**https://t.me/kf1888888",这是一段与枪支相关的黑灰产聊天记录。
Telegram_Chat_Message,枪支,"下面是一段telegram的聊天记录，请判断其是否与黑灰产相关，若相关请将其进一步分类：
1911最后一把
动力：C02钢瓶气动
产地：湾湾
口径：6mm硬珠
价格5500
材质：全铝合金。钢制弹夹
**详情咨询客服**@yyaa8867",这是一段与枪支相关的黑灰产聊天记录。
Telegram_Chat_Message,枪支,"下面是一段telegram的聊天记录，请判断其是否与黑灰产相关，若相关请将其进一步分类：
1911星条旗，做旧图案，现货1把，订购30天到货，6600包运费
**详情咨询客服**https://t.me/kf1888888",这是一段与枪支相关的黑灰产聊天记录。
Telegram_Chat_Message,枪支,"下面是一段telegram的聊天记录，请判断其是否与黑灰产相关，若相关请将其进一步分类：
格洛克G17G194.5mm，都有货，订购15天左右到货，价格3600
**详情咨询客服**https://t.me/kf1888888",这是一段与枪支相关的黑灰产聊天记录。
Telegram_Chat_Message,枪支,"下面是一段telegram的聊天记录，请判断其是否与黑灰产相关，若相关请将其进一步分类：
格洛克G18c国内现货2把，3400，发射6MM要的速度
**详情咨询客服**https://t.me/kf1888888",这是一段与枪支相关的黑灰产聊天记录。
Telegram_Chat_Message,枪支,"下面是一段telegram的聊天记录，请判断其是否与黑灰产相关，若相关请将其进一步分类：
广东出一套自己玩的兔子
进口恒压阀
碳纤维瓶子
普通消
国产管
瞄不知道什么瞄还不错
身35的
全长70左右
配打气机出12母鸡
问问挡嘴炮放飞机不要来打扰",这是一段与枪支相关的黑灰产聊天记录。
Telegram_Chat_Message,枪支,"下面是一段telegram的聊天记录，请判断其是否与黑灰产相关，若相关请将其进一步分类：
鲁格红鹰左轮手枪1270U
少量有货.44
把玩、收藏、装13利器，颜值不输沙鹰！
下单：@gang1242",这是一段与枪支相关的黑灰产聊天记录。
Telegram_Chat_Message,枪支,"下面是一段telegram的聊天记录，请判断其是否与黑灰产相关，若相关请将其进一步分类：
品牌
乌马雷克斯
颜色
多
回合
1
口径
4.5
项目尺寸LxWxH
39x2.88x6.04英寸
产品重量
3.4磅

速度
800FPS

价格1.6万人民币

运货周期30天",这是一段与枪支相关的黑灰产聊天记录。
Telegram_Chat_Message,枪支,"下面是一段telegram的聊天记录，请判断其是否与黑灰产相关，若相关请将其进一步分类：
品牌
乌马雷克斯
颜色
多
回合
1
口径
4.5
项目尺寸LxWxH
39x2.88x6.04英寸
产品重量
3.4磅

速度
800FPS

价格1.6万人民币

运货周期30天
**详情咨询客服**@KF1111666",这是一段与枪支相关的黑灰产聊天记录。
Telegram_Chat_Message,枪支,"下面是一段telegram的聊天记录，请判断其是否与黑灰产相关，若相关请将其进一步分类：
三少：@SanShaoPCP
主营板球座气室镜桥木托高端消音各种进口管正品虎妈恒压头罗伯特恒压头国外直发正品可查假一陪十
重要的事情说三遍
支持担保支持担保支持担保
频道：https://t.me/TangMengpcp

群链接：https://t.me/JSTMpcp

请认准本人唯一电报：@SanShaoPCP",这是一段与枪支相关的黑灰产聊天记录。
Telegram_Chat_Message,枪支,"下面是一段telegram的聊天记录，请判断其是否与黑灰产相关，若相关请将其进一步分类：
三少：@SanShaoPCP
主营复刻狗进口狗板球座气室镜桥木托高端消音各种进口管正品虎妈恒压头罗伯特恒压头国外直发正品可查假一陪十
重要的事情说三遍
支持担保支持担保支持担保
频道：https://t.me/TangMengpcp

群链接：https://t.me/JSTMpcp

请认准本人唯一电报：@SanShaoPCP",这是一段与枪支相关的黑灰产聊天记录。
Telegram_Chat_Message,枪支,"下面是一段telegram的聊天记录，请判断其是否与黑灰产相关，若相关请将其进一步分类：
所有购买过国产气动手枪的，请把货藏起来，发货的仓库被查，接到有人问你是不是买过玩具枪的电话，就说没有，他们要是说你的地址接受了快递，你就说可能是地址被套用，专款记录删除一下",这是一段与枪支相关的黑灰产聊天记录。
Telegram_Chat_Message,枪支,"下面是一段telegram的聊天记录，请判断其是否与黑灰产相关，若相关请将其进一步分类：
秃鹰，板球有货，要的联系，进口管，价格不高，打兔子老鼠稳稳的
口径：5.5/6.35/7.62毫米
枪管：45/61公分
全长：100/120公分
续航：65/50/30发
重量：3.2/3.8KG
价格7500
**详情咨询客服**https://t.me/kf1888888",这是一段与枪支相关的黑灰产聊天记录。
Telegram_Chat_Message,枪支,"下面是一段telegram的聊天记录，请判断其是否与黑灰产相关，若相关请将其进一步分类：
秃鹰，板球有货，要的联系，进口管，价格不高，打兔子老鼠稳稳的
口径：5.5/6.35/7.62毫米
枪管：45/61公分
全长：100/120公分
续航：65/50/30发
重量：3.2/3.8KG
价格7500
**详情咨询客服**@KF1111666",这是一段与枪支相关的黑灰产聊天记录。
Telegram_Chat_Message,枪支,"下面是一段telegram的聊天记录，请判断其是否与黑灰产相关，若相关请将其进一步分类：
又有新驚喜了
馬記17Gen5玩家有福
BOOMARMS兩款Plate
ACROspec/RMRspec
ForMaruiTMG17G5GBBP
已經到波",这是一段与枪支相关的黑灰产聊天记录。
Telegram_Chat_Message,色情,"下面是一段telegram的聊天记录，请判断其是否与黑灰产相关，若相关请将其进一步分类：
--------------------------------
迷奸，轮奸，缅北。乱伦交换，神秘暗网APP
https://a.bswxnx.com/aff-aTwB3",这是一段与色情相关的黑灰产聊天记录。
Telegram_Chat_Message,色情,"下面是一段telegram的聊天记录，请判断其是否与黑灰产相关，若相关请将其进一步分类：
--------------------------------
网红，熟女人妻，轮奸，缅北。乱伦交换，神秘暗网APP
https://97f.rzgtiv.com/aff-aTwB3",这是一段与色情相关的黑灰产聊天记录。
Telegram_Chat_Message,色情,"下面是一段telegram的聊天记录，请判断其是否与黑灰产相关，若相关请将其进一步分类：

[窈窕身材170cm大长腿车模女神淑怡在姐姐眼皮下和姐夫偷情超爽刺激](https://t.me/sousou211)",这是一段与色情相关的黑灰产聊天记录。
Telegram_Chat_Message,色情,"下面是一段telegram的聊天记录，请判断其是否与黑灰产相关，若相关请将其进一步分类：
[小湿妹《表情包》](https://t.me/addstickers/xxoo666)

[小湿妹《图片》](https://t.me/xxoocv)[小湿妹《群组》](https://t.me/xo123com)",这是一段与色情相关的黑灰产聊天记录。
Telegram_Chat_Message,色情,"下面是一段telegram的聊天记录，请判断其是否与黑灰产相关，若相关请将其进一步分类：
-Welcometo小猪交友

这里是全国高端私密约炮社群经营
Tg单纯引流推广，欢迎尊重的人

微信人工客户一对一服务，

男生女生入会请直接私聊客服。

您的安全私密交友平台
(骗子死，屌丝白嫖怪死)",这是一段与色情相关的黑灰产聊天记录。
Telegram_Chat_Message,色情,"下面是一段telegram的聊天记录，请判断其是否与黑灰产相关，若相关请将其进一步分类：

缅北轮奸，中国强奸，真实乱伦，神秘暗网
https://083.yrhwse.com/aff-rjDH",这是一段与色情相关的黑灰产聊天记录。
Telegram_Chat_Message,色情,"下面是一段telegram的聊天记录，请判断其是否与黑灰产相关，若相关请将其进一步分类：

强奸、迷奸、轮奸、百万重口稀有视频等你
https://88f.rzgtiv.com/aff-aFFAx",这是一段与色情相关的黑灰产聊天记录。
Telegram_Chat_Message,色情,"下面是一段telegram的聊天记录，请判断其是否与黑灰产相关，若相关请将其进一步分类：
""我虽然很骚，但也经不起你这么猛插~""寻找寻缺失的母爱，风情万种极品美乳，上来就教性爱宝典，平时姐姐上班都是女同事，好久没被肏了，看到大鸡巴舌头灵活的旋转起来，保持着美乳弹性，让小哥一定要把她干舒服了，毕竟遇到这大鸡巴不容易~真是个骚娘

完整版在内部群编号20230269

进内部群方法看置顶帖",这是一段与色情相关的黑灰产聊天记录。
Telegram_Chat_Message,色情,"下面是一段telegram的聊天记录，请判断其是否与黑灰产相关，若相关请将其进一步分类：
#**黑白配****大鸡巴插入更新60V感兴趣请进拼车会员群**

**已是会员**[**点击直达**](https://t.me/c/2083192937/4098)

******不是会员**[**点击加入**](https://t.me/+l-EIpXmccyw5Y2Rl)

[**加入交流搜索群**](https://t.me/+xl6vuehT7h9kMDVl)",这是一段与色情相关的黑灰产聊天记录。
Telegram_Chat_Message,色情,"下面是一段telegram的聊天记录，请判断其是否与黑灰产相关，若相关请将其进一步分类：
#**直播****美女在网吧厕所大黑牛喷水，勾引路人厕所啪啪**

[**加入交流搜索群**](https://t.me/+xl6vuehT7h9kMDVl)",这是一段与色情相关的黑灰产聊天记录。
Telegram_Chat_Message,色情,"下面是一段telegram的聊天记录，请判断其是否与黑灰产相关，若相关请将其进一步分类：
#00后小蝴蝶啪啪大秀
#伪娘#伪娘#学生#学生
[深夜福利视频](https://t.me/baijiale001)
[AOA官方招商中心](https://t.me/aoa35)
[每日热门赛事推单](https://t.me/tiyupingtai1)

体育\彩票\真人\电子\棋牌分红55%代理
telegram:@zs119",这是一段与色情相关的黑灰产聊天记录。
Telegram_Chat_Message,色情,"下面是一段telegram的聊天记录，请判断其是否与黑灰产相关，若相关请将其进一步分类：
#91大神唐先生十八岁舞蹈系校花第三部
[会员点此处观看完整版视频](https://t.me/c/2080850359/2)

[点击这里成为会员永久观看](https://t.me/zmdb111/60?single)",这是一段与色情相关的黑灰产聊天记录。
Telegram_Chat_Message,色情,"下面是一段telegram的聊天记录，请判断其是否与黑灰产相关，若相关请将其进一步分类：
#OnlyFans白虎网红小姐姐NANA美女老师的诱惑性授业
#伪娘#伪娘#学生#学生
[深夜福利视频](https://t.me/baijiale001)
[AOA官方招商中心](https://t.me/aoa35)
[每日热门赛事推单](https://t.me/tiyupingtai1)

体育\彩票\真人\电子\棋牌分红55%代理
telegram:@zs119",这是一段与色情相关的黑灰产聊天记录。
Telegram_Chat_Message,色情,"下面是一段telegram的聊天记录，请判断其是否与黑灰产相关，若相关请将其进一步分类：
#OnlyFans玩偶姐姐HongKongDoll特别内容《两周年JK特别版》
#伪娘#伪娘#学生#学生
[深夜福利视频](https://t.me/baijiale001)
[AOA官方招商中心](https://t.me/aoa35)
[每日热门赛事推单](https://t.me/tiyupingtai1)

体育\彩票\真人\电子\棋牌分红55%代理
telegram:@zs119",这是一段与色情相关的黑灰产聊天记录。
Telegram_Chat_Message,色情,"下面是一段telegram的聊天记录，请判断其是否与黑灰产相关，若相关请将其进一步分类：
#宝宝
【联系方式】https://t.me/hah_ls/1789
【位置】：东大桥
【价格】：1500P
【个人感受】：今天cj了宝宝，上了1课。位置很好找，很安全。人照一致，个子很高，很可爱，身材很棒，腰很细，下面很嫩，总之好评。",这是一段与色情相关的黑灰产聊天记录。
Telegram_Chat_Message,色情,"下面是一段telegram的聊天记录，请判断其是否与黑灰产相关，若相关请将其进一步分类：
#精液#母狗
[会员点此处观看完整版视频](https://t.me/c/2080850359/2)

[点击这里成为会员永久观看](https://t.me/zmdb111/60?single)",这是一段与色情相关的黑灰产聊天记录。
Telegram_Chat_Message,色情,"下面是一段telegram的聊天记录，请判断其是否与黑灰产相关，若相关请将其进一步分类：
#偷窥诊疗室丰满圆润美人妻

@sousou662搜片神器请输入做爱
一键加入VIP私密群
https://t.me/addlist/2Ep1Y2Sgz5szOGZk",这是一段与色情相关的黑灰产聊天记录。
Telegram_Chat_Message,色情,"下面是一段telegram的聊天记录，请判断其是否与黑灰产相关，若相关请将其进一步分类：
#小金鱼
【频道链接】：https://t.me/hah_ls/2154
【位置】：大悦城
【价格】：P
【个人感受】：小金鱼作业，服务杠杠的，全程互动交流，ls活很好，py很细致，过程中差点按在浴室里就开干了，各种ab面服务都很棒，全身不停鸡皮疙瘩，整个过程就不细表，就是一个字通透，很舒服的一次cj，绝对好评！！！",这是一段与色情相关的黑灰产聊天记录。
Telegram_Chat_Message,色情,"下面是一段telegram的聊天记录，请判断其是否与黑灰产相关，若相关请将其进一步分类：
#星星失眠了超美校花~道具自慰~骚到喷水
合集2
#伪娘#伪娘#学生#学生
稀有内部视频
深夜福利视频
AOA官方招商中心
每日热门赛事推单
国产高清成人视频
成人内部视频万能搜

体育\彩票\真人\电子\棋牌分红55%代理
telegram:@zs119",这是一段与色情相关的黑灰产聊天记录。
Telegram_Chat_Message,色情,"下面是一段telegram的聊天记录，请判断其是否与黑灰产相关，若相关请将其进一步分类：
**#国产********#后入********#母狗********#反差婊********#反差****母狗被干的翻白眼**

[**加入交流搜索群**](https://t.me/+xl6vuehT7h9kMDVl)",这是一段与色情相关的黑灰产聊天记录。
Telegram_Chat_Message,色情,"下面是一段telegram的聊天记录，请判断其是否与黑灰产相关，若相关请将其进一步分类：
**littlemouchette****#onlyfans********#推特****
****#欧美********#媚黑********#淫妻绿帽********#口交********#颜射********#蜜桃臀********#后入********#群p**

[**加入交流搜索群**](https://t.me/+xl6vuehT7h9kMDVl)",这是一段与色情相关的黑灰产聊天记录。
Telegram_Chat_Message,色情,"下面是一段telegram的聊天记录，请判断其是否与黑灰产相关，若相关请将其进一步分类：
**高冷小骚货给男友戴绿帽，被操到高潮痉挛！
****#绿帽********#高潮**

[**加入交流搜索群**](https://t.me/+xl6vuehT7h9kMDVl)",这是一段与色情相关的黑灰产聊天记录。
Telegram_Chat_Message,色情,"下面是一段telegram的聊天记录，请判断其是否与黑灰产相关，若相关请将其进一步分类：
**绿帽剪辑付费资源6部合集
1.我与夜店女友的堕落日记
2.绿奴红绿灯挑战
3.成了前女友和她男友的狗
4.阳痿早泄绿奴怨种的下场
5.领导陪老婆过七夕
6.小熊跳舞绿奴阉割
****#M绿色艺术********#抖音风********#剧情********#剪辑********#绿帽********#M男********#pmv****
**
[**加入交流搜索群**](https://t.me/+xl6vuehT7h9kMDVl)",这是一段与色情相关的黑灰产聊天记录。
Telegram_Chat_Message,色情,"下面是一段telegram的聊天记录，请判断其是否与黑灰产相关，若相关请将其进一步分类：
**片名**：****第一次交到女朋友却被年下女上司强迫加班和出差
**番号：**PPPE-080
**女优：**#楪花恋
**类别：**#中出#巨乳#乳交#白天出轨#女上司
**评分：**#JAV高分推荐8.5分
**磁力：**magnet:?xt=urn:btih:C53B9A487BD4FF9FB36D701815B52408ABFE166E",这是一段与色情相关的黑灰产聊天记录。
Telegram_Chat_Message,色情,"下面是一段telegram的聊天记录，请判断其是否与黑灰产相关，若相关请将其进一步分类：
******完整版********
**#南航空姐[故意喝醉，被同事帅哥玩到喷水

](https://t.me/saobi886)@sousou662搜片神器请输入做爱
一键加入VIP私密群
https://t.me/addlist/2Ep1Y2Sgz5szOGZk",这是一段与色情相关的黑灰产聊天记录。
Telegram_Chat_Message,色情,"下面是一段telegram的聊天记录，请判断其是否与黑灰产相关，若相关请将其进一步分类：
[有这要求你早说啊，怪我了
](https://t.me/saobi886)@sousou662搜片神器清输入做爱",这是一段与色情相关的黑灰产聊天记录。
Telegram_Chat_Message,色情,"下面是一段telegram的聊天记录，请判断其是否与黑灰产相关，若相关请将其进一步分类：
喷水爽到翻白眼！无套内射！敏感的天花板19岁
[会员点此处观看完整版视频](https://t.me/c/2080850359/2)

[点击这里成为会员永久观看](https://t.me/zmdb111/60?single)",这是一段与色情相关的黑灰产聊天记录。
Telegram_Chat_Message,色情,"下面是一段telegram的聊天记录，请判断其是否与黑灰产相关，若相关请将其进一步分类：
品名:享久3代--延时喷剂
规格:6ml提前2030分钟，喷在龟头沟冠处享久3代喷剂高端品牌
THEBEsTsfORyou纯植物萃取安全无依赖不灼烧不麻木不失快感享久3代提前30分钟使用无需清洗口爱无任何察觉延长房事30~60分钟12小时内还有效
下单咨询客服：@chengrenzhuangui
下单咨询客服：@qingquyongpin0",这是一段与色情相关的黑灰产聊天记录。
Telegram_Chat_Message,色情,"下面是一段telegram的聊天记录，请判断其是否与黑灰产相关，若相关请将其进一步分类：
品名:新款玫瑰花2代双头吮吸震动跳蛋

下单咨询客服：@chengrenzhuangui
下单咨询客服：@qingquyongpin0",这是一段与色情相关的黑灰产聊天记录。
Telegram_Chat_Message,色情,"下面是一段telegram的聊天记录，请判断其是否与黑灰产相关，若相关请将其进一步分类：
幼态coser微妙的小表情更容易激发男人兽欲反而会想更粗暴的抽插她的小穴，甚至想不顾一切的把精液射在她的子宫里播种#FGO#玉藻前",这是一段与色情相关的黑灰产聊天记录。
Telegram_Chat_Message,色情,"下面是一段telegram的聊天记录，请判断其是否与黑灰产相关，若相关请将其进一步分类：
瑜伽教练炮友自慰给我看
[会员点此处观看完整版视频](https://t.me/c/2080850359/2)

[点击这里成为会员永久观看](https://t.me/anwangjiaoyix/21)",这是一段与色情相关的黑灰产聊天记录。
Telegram_Chat_Message,色情,"下面是一段telegram的聊天记录，请判断其是否与黑灰产相关，若相关请将其进一步分类：
丈母娘：“你快点,小琴（我老婆）要回来了

缅北轮奸，中国强奸，真实乱伦，神秘暗网[
](https://5722.gkzdpy.com/aff-a2Ze9)https://2140.ouhlzz.com/aff-aKrdS",这是一段与色情相关的黑灰产聊天记录。
Telegram_Chat_Message,色情,"下面是一段telegram的聊天记录，请判断其是否与黑灰产相关，若相关请将其进一步分类：
真实SM调教娱乐圈高颜值母狗#母狗#调教
[会员点此处观看完整版视频](https://t.me/c/2080850359/2)

[点击这里成为会员永久观看](https://t.me/zmdb111/60?single)",这是一段与色情相关的黑灰产聊天记录。
Telegram_Chat_Message,色情,"下面是一段telegram的聊天记录，请判断其是否与黑灰产相关，若相关请将其进一步分类：
直播大杂烩
#直播stripchat站高颜值主播mitu66

[6000成人群广告投放联系我](https://t.me/dmadService1)",这是一段与色情相关的黑灰产聊天记录。
Telegram_Chat_Message,色情,"下面是一段telegram的聊天记录，请判断其是否与黑灰产相关，若相关请将其进一步分类：
主任与良家人妻酒店幽会，被偷拍下来，果然是老手，光调情就让人妻高潮三波
[【每日福利视频更新，关注我不迷路】](https://t.me/flpdvip)",这是一段与色情相关的黑灰产聊天记录。
Telegram_Chat_Message,色情,"下面是一段telegram的聊天记录，请判断其是否与黑灰产相关，若相关请将其进一步分类：
昨天野战后续

好喜欢哥哥的JJ好长啊！
顶到底让我舒服到底！爱了啊爱了啊
约线下的哥哥，姐姐已经洗好掰开BB等你的肉棒插进来了！喜欢打野战的举手报名",这是一段与色情相关的黑灰产聊天记录。
Telegram_Chat_Message,色情,"下面是一段telegram的聊天记录，请判断其是否与黑灰产相关，若相关请将其进一步分类：
7802022年度金卷纸大赏

[**足控恋足**](https://t.me/madou20)|[**巨乳巨臀**](https://t.me/SIWAG6)",这是一段与色情相关的黑灰产聊天记录。
Telegram_Chat_Message,色情,"下面是一段telegram的聊天记录，请判断其是否与黑灰产相关，若相关请将其进一步分类：
**视觉盛宴地狱式强制高潮尿失禁痉挛抽搐让你体验一次另类快感****
**[【每日福利视频更新，关注我不迷路】](https://t.me/flpdvip)",这是一段与色情相关的黑灰产聊天记录。
Telegram_Chat_Message,色情,"下面是一段telegram的聊天记录，请判断其是否与黑灰产相关，若相关请将其进一步分类：
【欲天堂】强势上线！重磅好礼免费领

全站200万部精品视频免费观看

最新电影，电视剧一站式免费解锁

全国外围，真实裸聊和线下服务

国产重口原创乱伦换妻绿奴

约炮外围吃瓜黑料成人H漫

一站式服务，应有尽有

无须翻墙，无毒，放心使用

来欲天堂免费撸片性福生活由此启航



下载地址：

https://yutt8oo.me?_chan=ey",这是一段与色情相关的黑灰产聊天记录。
Telegram_Chat_Message,洗钱,"下面是一段telegram的聊天记录，请判断其是否与黑灰产相关，若相关请将其进一步分类：
**#群友咨询****：换汇遇到黑钱怎么办

国内有个朋友支付宝帮我换钱，去年一年时间换了16万人民币，每个月换一两万左右**。最近突然被跨省公安带走了，这种是啥情况，现在联系处于失联状态，有没有人遇到过这情况啊

****免费爆料投稿：@cnmbg1",这是一段与洗钱相关的黑灰产聊天记录。
Telegram_Chat_Message,洗钱,"下面是一段telegram的聊天记录，请判断其是否与黑灰产相关，若相关请将其进一步分类：
**（低门槛暴利项目）想挣大钱欠缺好机会的来/错过后悔

致富的核心绝不是能力而是机遇和合作最稳货币搬砖

QQ达人全网收USDT，可通过U搬砖赚差价（日进斗金）量大可面谈。寻长期伙伴。支持ATM现存或者银行柜台现存。全国可送现金（线上确认没问题即可安排**）

**加入致富渠道：****https://t.me/+yL5sHrtCaQNjMDcx**
**加入致富渠道：****https://t.me/+yL5sHrtCaQNjMDcx**",这是一段与洗钱相关的黑灰产聊天记录。
Telegram_Chat_Message,洗钱,"下面是一段telegram的聊天记录，请判断其是否与黑灰产相关，若相关请将其进一步分类：
**场地高价收实时精准大额申请料，手拨三网港群呼开工另收隔夜或当天二手名电时用于短信卡发，换钱的来，一手技术内鬼联系，欢迎各位大牛，不诚信的中介也不要来骚扰****@houguai08**",这是一段与洗钱相关的黑灰产聊天记录。
Telegram_Chat_Message,洗钱,"下面是一段telegram的聊天记录，请判断其是否与黑灰产相关，若相关请将其进一步分类：
**大量出美国苹果pay谷歌pay现货现货量大价优能吃USpay的通道机器来聊量足！另出2DUS鱼包上站全网最低价**",这是一段与洗钱相关的黑灰产聊天记录。
Telegram_Chat_Message,洗钱,"下面是一段telegram的聊天记录，请判断其是否与黑灰产相关，若相关请将其进一步分类：
**【21短信历史-车贷】21年畅快车贷平台的短信料，有还款结清.注册.还款失败混合出，量不大

****另有：网贷.还款.信用卡.教育.POS.保险.翡翠.渔具.腕表.游戏.足球篮球.留学.苹果手机用户.旅游.酒吧.币圈.房贷（只有甘肃）.车贷.车险.车主.白酒.补肾.雅思托福.情趣用品.网购.交友等短信历史料，欢迎选购
**下单咨询：@shujuHK66",这是一段与洗钱相关的黑灰产聊天记录。
Telegram_Chat_Message,洗钱,"下面是一段telegram的聊天记录，请判断其是否与黑灰产相关，若相关请将其进一步分类：
**皇朝钱庄专属项目
高价收U，可长期做，收入稳定

长期收U换现金
承诺全白资收U
量大可存款机现存
量大可送现上门

没有U的可以交易所买U卖我赚取差价（每天收入几千）
无任何投资风险，诚信合作

操作流程
1：提供手里有U的截图，给你打款，你后给我U
2：没有U的可交易所购买。提现後即可交易。
每天轻松工作1个小时，收入几千（无风险）无上限
致富频道详情：****@huangchaoQZ**",这是一段与洗钱相关的黑灰产聊天记录。
Telegram_Chat_Message,洗钱,"下面是一段telegram的聊天记录，请判断其是否与黑灰产相关，若相关请将其进一步分类：
【供】
（C币钱包支付）原生通道-成功率95%下发0.1
充值单笔限额：10-100000
API代付单笔限额：10-100000
人民币提现单笔限额：10000-50000
USDT提现单笔限额：1000U-50000U
**（八面来财）注册即送8元，首次充值金额300即送28元，首次提现500即送38元**。
**大小额单子较多**，支持微信，支付宝，银行卡，QQ钱包，数字人民币交易！
联系人：@jiujiu789
只走汇旺担保,拉群或发广告联系@hwdb,其他担保勿扰",这是一段与洗钱相关的黑灰产聊天记录。
Telegram_Chat_Message,洗钱,"下面是一段telegram的聊天记录，请判断其是否与黑灰产相关，若相关请将其进一步分类：
【供】
产品：盛银支付冲u代付各种通道
代付单笔手续费：2元单笔
充值汇率：欧意C2C实时
下发模式：API下发/手动下发
代付单笔限额：100-50000
是否包司法：保司法（以查档为准）
客户盘口类型限制：无限制
交易,下发,客服在线时间：24小时
联系人：@SYPAY001@Kfmnr258
只走汇旺担保,拉群或发广告联系@hwdb,其他担保勿扰",这是一段与洗钱相关的黑灰产聊天记录。
Telegram_Chat_Message,洗钱,"下面是一段telegram的聊天记录，请判断其是否与黑灰产相关，若相关请将其进一步分类：
【供】
出4套上海农商对公现货.对私5百万/天,对公1千万/天.银行内部白名单,不司法可以跑2个月.保任意银行风控.跑量时间:上午9点到下午5点
1.可担保上押.保卡里资金安全.2.接受卡主过去,电脑远程验卡,没问题卡可以用的话.料方须上压7万U以上保无司法和我方利润(只要真实料方,只跑点位,不买断)
联系人：@san052
只走汇旺担保,拉群或发广告联系@hwdb,其他担保勿扰",这是一段与洗钱相关的黑灰产聊天记录。
Telegram_Chat_Message,洗钱,"下面是一段telegram的聊天记录，请判断其是否与黑灰产相关，若相关请将其进一步分类：
【供】
你充值U，我给你代付
1.充U代付/备付金转卡/支付宝转卡/微信转卡/卡转卡通道性质：聚合/混合
充值汇率：实时欧易平价
代付费率：0.2%+单笔2元
2.充U代付/纯备付金
充值汇率：实时欧易平价代付费率：详谈
区间:100--49999支持方式:都支持API
联系人：@yong000111@changhongkim
只走汇旺担保,拉群或发广告联系@hwdb,其他担保勿扰",这是一段与洗钱相关的黑灰产聊天记录。
Telegram_Chat_Message,洗钱,"下面是一段telegram的聊天记录，请判断其是否与黑灰产相关，若相关请将其进一步分类：
【供】
小额银行卡代付（100-1000）
费率：1%-支持金额：100-1000
充值方式：欧意实时汇率充值
下发时间：00:00-23:30客服时间：24H
是否支持上押：是（全程走汇旺担保）-司法赔付：包司法
盘口支持：信誉盘/bc盘等非诈盘口。需验盘
拒绝闲聊，汇旺担保可上押。有意者请详聊
联系人：@piqiuqiu
只走汇旺担保,拉群或发广告联系@hwdb,其他担保勿扰",这是一段与洗钱相关的黑灰产聊天记录。
Telegram_Chat_Message,洗钱,"下面是一段telegram的聊天记录，请判断其是否与黑灰产相关，若相关请将其进一步分类：
【供】
印度支付源头，提供印度线上线下UPI，银行卡代付1-5分钟回图，支持现金，UPI，银行卡等出款方式
联系人:@BossPays
只走汇旺担保,拉群或发广告联系@hwdb,其他担保勿扰",这是一段与洗钱相关的黑灰产聊天记录。
Telegram_Chat_Message,洗钱,"下面是一段telegram的聊天记录，请判断其是否与黑灰产相关，若相关请将其进一步分类：
【供应编号：0063】
-------------------------
各个银行信用卡有货
实时一手单价22
支持少量测试
但是不免测
-------------------------
暗网下单客服少帅@HK899
暗网入口@anwang9982",这是一段与洗钱相关的黑灰产聊天记录。
Telegram_Chat_Message,洗钱,"下面是一段telegram的聊天记录，请判断其是否与黑灰产相关，若相关请将其进一步分类：
单纯色料回归
银行卡代收常规空降色料汇率11
例如：100U11=1100人民币
500U11=5500人民币
料子都是常规空降色料首存1888-20000一笔，每天晚上夜跑高速
联系人：@mmweiyi5
公群地址：https://t.me/+fUrGyDuAz1M3Yjg1
只要卡接，只收U",这是一段与洗钱相关的黑灰产聊天记录。
Telegram_Chat_Message,洗钱,"下面是一段telegram的聊天记录，请判断其是否与黑灰产相关，若相关请将其进一步分类：
单人日赚1500+

支付宝口令洗款

有执行力想赚钱长期合作的来??

全程自助下单
客服24小时在线
无需担心被跑路了
具体教程联系下方客服
@TDg66661",这是一段与洗钱相关的黑灰产聊天记录。
Telegram_Chat_Message,洗钱,"下面是一段telegram的聊天记录，请判断其是否与黑灰产相关，若相关请将其进一步分类：
高价回收usd汇率7.85到9.5公司大量需要usd有u的可以来有多少要多少可以面交卖的越多汇率越高目前公司大量却u
有的抓紧来
有的抓紧来
有的抓紧来
有的抓紧来
速度
高价收u
高价收u
联系人：@Telgerapn
只走汇旺担保，拉群或发广告联系@hw444_bot，其他担保勿扰[点击进入汇旺大群](https://t.me/HWDBU)",这是一段与洗钱相关的黑灰产聊天记录。
Telegram_Chat_Message,洗钱,"下面是一段telegram的聊天记录，请判断其是否与黑灰产相关，若相关请将其进一步分类：
公群1171黑马收u回卡12汇率押金7000u

公群链接：https://t.me/+JpVkDSDkWfkyMDNh
业务简介：任何银行卡都可以进，无限制笔数，不需要明细，12汇率起步全网汇率最高，大额不罚站,小额也不罚站，小额纯色料，秒射秒射，上卡的长期有福利，小额色料稳定输出，0司法！一张卡一天射2到3笔！可重复使用！可重复使用！",这是一段与洗钱相关的黑灰产聊天记录。
Telegram_Chat_Message,洗钱,"下面是一段telegram的聊天记录，请判断其是否与黑灰产相关，若相关请将其进一步分类：
公群2507已押17935.5U集金国际支付通道
全球海外收付通道找料
马来西亚费率4%，印尼费率2%，日本，欧美（wise,paytend,革命统一费率6%）美国直通车，英国直通车，欧洲各国直通车
联系人：@PaypayJ88@Paypay39
https://t.me/+uI2zGR6PsR04ZTcy",这是一段与洗钱相关的黑灰产聊天记录。
Telegram_Chat_Message,洗钱,"下面是一段telegram的聊天记录，请判断其是否与黑灰产相关，若相关请将其进一步分类：
今晚电子放大水，速速来收米

不限IP无需挂VPN畅游无阻

u存U提首次可出U

充值秒到秒杀所有平台等你来战

奥队链接：aodui37.app
球速链接：qs1377.cc
球速备用：qs1377.cc/r/8sy4

猫头鹰彩金机客服：@MTY_vip",这是一段与洗钱相关的黑灰产聊天记录。
Telegram_Chat_Message,洗钱,"下面是一段telegram的聊天记录，请判断其是否与黑灰产相关，若相关请将其进一步分类：
全网费率最低
费率个位！费率个位！
超级支付宝慢充H5成率60+
支付宝话费成率60+
微信分省话费成功率40+
支付宝直充H5成功率45+
iOS直充H5成功率50+
iOS微信H5。成功率50+一手话费收量24小时无日切欢迎四方直盘大佬来骚扰！",这是一段与洗钱相关的黑灰产聊天记录。
Telegram_Chat_Message,洗钱,"下面是一段telegram的聊天记录，请判断其是否与黑灰产相关，若相关请将其进一步分类：
全网找实力承兑！！对接////正规*备付金，资金盘-前中二道-归集款、。色站-二道-小额*归集.款。POS*款，等资金！！汇率来谈！qI",这是一段与洗钱相关的黑灰产聊天记录。
Telegram_Chat_Message,洗钱,"下面是一段telegram的聊天记录，请判断其是否与黑灰产相关，若相关请将其进一步分类：
全网最高汇率跑分
吊打所有公群
吊打所有公群
币安担保强烈推荐
爱满跑分值得信赖
汇率13只是起步
射速最快

公群链接：https://t.me/+-sdBJrXiEjAwNmVh",这是一段与洗钱相关的黑灰产聊天记录。
Telegram_Chat_Message,洗钱,"下面是一段telegram的聊天记录，请判断其是否与黑灰产相关，若相关请将其进一步分类：
项目名称：大量出POS资金
项目介绍：大量出过完POS机的资金，保一个星期，可以用来充值网赌平台，可以帮忙验证，可以固定卡转账！
需求量：大量
价格接受：私聊
售后要求：私聊
是否支持担保：支持
担保费谁付：我方付
对接人联系人:@dadiaoge1

只走汇旺担保，拉群或发广告联系@hw444_bot，其他担保勿扰[点击进入汇旺大群](https://t.me/HWDBU)",这是一段与洗钱相关的黑灰产聊天记录。
Telegram_Chat_Message,洗钱,"下面是一段telegram的聊天记录，请判断其是否与黑灰产相关，若相关请将其进一步分类：
需求商品：车队
需求内容：盘口直招一道大混车，黑二车，混二车，私户公户，量500+，随时上车，不罚站
价格接受：详谈
联系用户：@yyd2233",这是一段与洗钱相关的黑灰产聊天记录。
Telegram_Chat_Message,洗钱,"下面是一段telegram的聊天记录，请判断其是否与黑灰产相关，若相关请将其进一步分类：
序号：1722
【供】
十年品牌宏盛代付（API后台模式）
充U代付-纯备付金
（你方给我u，我方备付金给会员出款）
充值汇率：每日早上定价
限额：100-49999入金：纯白资话费核销款代付时间：早8-晚24到账时间：秒回调
其他：寻实力大盘,每日款足,全天不断资,骗子勿浪费时间谢谢
联系人：@hsdy5899@hsqf5889
只走新币担保：@aaaa@bbbb@cccc@dddd@eeee@gggg@hhhh@ffff@iiii其他担保勿扰",这是一段与洗钱相关的黑灰产聊天记录。
Telegram_Chat_Message,洗钱,"下面是一段telegram的聊天记录，请判断其是否与黑灰产相关，若相关请将其进一步分类：
序号：1753
MK集团一道色料直招大量丝滑个人境外支付宝码，和一切境外丝滑码，一切h5丝滑通道哪个不控用哪个，来夜班车，看清楚来专业夜班车，或24小时能开工的大车
汇率10-11.5丝滑可双押50w起最高保200w，可删除账单
日量1000w可查地址动账实时截图
上压秒射罚站可直接赔付1000u
联系人：@yaoshipu
只走新币担保：@aaaa@bbbb@cccc@dddd@eeee@gggg@hhhh@ffff@iiii其他担保勿扰",这是一段与洗钱相关的黑灰产聊天记录。
Telegram_Chat_Message,洗钱,"下面是一段telegram的聊天记录，请判断其是否与黑灰产相关，若相关请将其进一步分类：
序号：1942
三金支付2110群
需abAAPOS卡
需求类型：欢迎各路卡商大神来点点关注
优势：收AA，ab，POS，到了就打直营车队！车速快，下车秒结账
对接方式/对接人：@v17878@SJZF8888
群链接：https://t.me/+svVZvfpudssxN2U1
只走新币担保：@aaaa@bbbb@cccc@dddd@eeee@gggg@hhhh@ffff@iiii其他担保勿扰",这是一段与洗钱相关的黑灰产聊天记录。
Telegram_Chat_Message,洗钱,"下面是一段telegram的聊天记录，请判断其是否与黑灰产相关，若相关请将其进一步分类：
一凡集团诚信经营实力车队

必须有开通网银：必须是1类卡

长期收普卡长期收普卡

农业508.5万收
交通508.5万收
邮政508.5万收
光大508.5万收
中国10015万收
建设10015万收
浦发10015万收
农信10015万收

公户盾35万起收


联系：@yifan0803
联系：@yifan0803",这是一段与洗钱相关的黑灰产聊天记录。
Telegram_Chat_Message,洗钱,"下面是一段telegram的聊天记录，请判断其是否与黑灰产相关，若相关请将其进一步分类：
以下资金.来实力承兑商对接！！汇率来谈！！
正规*备付金，POS/款，资金盘/前中/二道/归集款。色站/二道小额/归集款。44",这是一段与洗钱相关的黑灰产聊天记录。
Telegram_Chat_Message,洗钱,"下面是一段telegram的聊天记录，请判断其是否与黑灰产相关，若相关请将其进一步分类：
找.实力承兑商！！对接////正规*备付金，资金.盘-前中二道-归集款、。色站-二道-小额*归集.款。POS*款，等资金！！汇率来谈！2W",这是一段与洗钱相关的黑灰产聊天记录。
Telegram_Chat_Message,洗钱,"下面是一段telegram的聊天记录，请判断其是否与黑灰产相关，若相关请将其进一步分类：
SMA全球接码机器人，全网最便宜


[>>>点击此处查看频道<<<](https://t.me/jiema11_01)",这是一段与洗钱相关的黑灰产聊天记录。
Telegram_Chat_Message,洗钱,"下面是一段telegram的聊天记录，请判断其是否与黑灰产相关，若相关请将其进一步分类：
感谢新老客户的长期信任与支持！
客户比较多没来得及回复时请直奔话题！
首笔客户小额测试可随时查验我们的出款地址！量大的来谈
长期诚信出黑U口嗨勿扰

拿货价格
1000U1330黑U
5000U6800黑U
10000U14000黑U
欢迎新老客户下单
拿货联系飞机号@heiu4",这是一段与洗钱相关的黑灰产聊天记录。
Telegram_Chat_Message,洗钱,"下面是一段telegram的聊天记录，请判断其是否与黑灰产相关，若相关请将其进一步分类：
京东小时达：苹果手机、华为手机等
京东E卡、中石化、中石油
沃尔玛、苹果、steam、永辉
台湾Mycard、抖币、话费、电费、网易一卡通
高价收U高价收U公群上押36978U安全可靠
频道链接：@ma8888666
项目唯一负责人：@ma88686666",这是一段与洗钱相关的黑灰产聊天记录。
Telegram_Chat_Message,正常,"下面是一段telegram的聊天记录，请判断其是否与黑灰产相关，若相关请将其进一步分类：
-

“我可能比想象中还要喜欢你，咲太。”

-

樱岛麻衣@海克斯科技小蛋糕

@CosMo_Miku

昨天去漫展玩啦出了麻衣你们国庆假期都去哪儿玩了呀

#带着微博逛漫展##漫展#[source](https://weibo.com/5604678555/NlZs6CvfB)",这是一段正常的聊天记录，与黑灰产无关。
Telegram_Chat_Message,正常,"下面是一段telegram的聊天记录，请判断其是否与黑灰产相关，若相关请将其进一步分类：
-By:-By:
#Tobumiro1

#视频表情包#能动的表情包#video

https://t.me/addstickers/Tobumiro1",这是一段正常的聊天记录，与黑灰产无关。
Telegram_Chat_Message,正常,"下面是一段telegram的聊天记录，请判断其是否与黑灰产相关，若相关请将其进一步分类：
#**MusicFree****0.1.0-alpha.9发布**

**更新内容如下**
新增**搜索歌单**功能
新增**播放记录**功能
增加了一些**无障碍**的适配
部分插件更新，侧边栏更新插件即可

[**下载地址**](https://wwzb.lanzoue.com/b0429osgj)

频道@WidgetChannel
投稿@WidgetPlusBot",这是一段正常的聊天记录，与黑灰产无关。
Telegram_Chat_Message,正常,"下面是一段telegram的聊天记录，请判断其是否与黑灰产相关，若相关请将其进一步分类：
#**重磅****昨晚大其力高尔夫俱乐部面前一辆皮卡被小型定时炸弹炸毁**，伤亡目前不清楚。但是一网友说已经挂了一个了。

ps：这种基本上就是仇杀了吧**，什么样的仇恨，多大的利益关系才会做电视里面的场景？？**

****阅订菲律宾**华人TG频道
****t.me/+4B3RTrss3v44NjJl****
**投稿爆料联系：**@tx128**",这是一段正常的聊天记录，与黑灰产无关。
Telegram_Chat_Message,正常,"下面是一段telegram的聊天记录，请判断其是否与黑灰产相关，若相关请将其进一步分类：
#2024年台灣大選港人赴台觀選：同香港唔同、望台灣人懂得選擇
https://bitly.ws/39Bo3

相關報導：
蔡英文撐賴清德籲再相信她一次：任內台股超越恒指
https://bitly.ws/39Bj9",这是一段正常的聊天记录，与黑灰产无关。
Telegram_Chat_Message,正常,"下面是一段telegram的聊天记录，请判断其是否与黑灰产相关，若相关请将其进一步分类：
#AI#Sora#web

[**SoraVideos**](https://soravideos.media/)

又一个收集**Sora****生成视频**的网站，比上次推荐的[SoraPrompts](https://t.me/WidgetChannel/1178)的视频更多，也包含了官方TikTok发布的视频，并附有对应**prompt**，喜欢的可以看看。

频道@WidgetChannel",这是一段正常的聊天记录，与黑灰产无关。
Telegram_Chat_Message,正常,"下面是一段telegram的聊天记录，请判断其是否与黑灰产相关，若相关请将其进一步分类：
#AnimeRelease#Baha

**鬼灭之刃**

**Season:**4|**Episode:**6/11

**Genres:**动画,动作冒险,科幻奇幻

**Source:**WEBDL-1080p|0.66GB

**Channel:**[@Odyssey+](https://t.me/odysseyplus)",这是一段正常的聊天记录，与黑灰产无关。
Telegram_Chat_Message,正常,"下面是一段telegram的聊天记录，请判断其是否与黑灰产相关，若相关请将其进一步分类：
#Apple#发布会

iPhone15和15Plus主摄升级到了4800万像素，14Pro下放。

加入尝鲜派群组：@ibetame",这是一段正常的聊天记录，与黑灰产无关。
Telegram_Chat_Message,正常,"下面是一段telegram的聊天记录，请判断其是否与黑灰产相关，若相关请将其进一步分类：
#Trailer

**三惊组队！漫威《惊奇队长2》首曝预告，噬元兽、局长回归！**

**Channel:**[@Odyssey+](https://t.me/odysseyplus/2370)",这是一段正常的聊天记录，与黑灰产无关。
Telegram_Chat_Message,正常,"下面是一段telegram的聊天记录，请判断其是否与黑灰产相关，若相关请将其进一步分类：
#老孙的店

经历了一晚上宕机。

和大家的无数催单和投诉。
还有苹果自己的各种宕机之后。

我们不眠不休码做的超级AI已诞生

现在开发者资格正疯狂绑定中。

具体的技术细节就不提了，把我们的技术实力、应对能力、熬夜的体力榨干了属于是。

如你所见，现在一切正在扭转局势中。

来自老孙的店",这是一段正常的聊天记录，与黑灰产无关。
Telegram_Chat_Message,正常,"下面是一段telegram的聊天记录，请判断其是否与黑灰产相关，若相关请将其进一步分类：
#投稿
数学建模美赛奖励被退单，新奖励规定与先前邮件通知不符。
即使按原规定（曲老师使用的截图）中第八条所述：美赛特等奖应为Outstanding奖，而非Final奖，由此看来学校经费管理似乎十分混乱

另：由于南科大经费紧张，有部分院系已经取消了2023年度的本科生竞赛奖励经费。
----
p5为报名数学竞赛时的邮件通知，p6为美赛获奖等级
---
小编：管理员开启了全员禁言",这是一段正常的聊天记录，与黑灰产无关。
Telegram_Chat_Message,正常,"下面是一段telegram的聊天记录，请判断其是否与黑灰产相关，若相关请将其进一步分类：
**19级同学认为宿舍搬迁仍有讨论空间
**
有19级同学发起问卷调查，询问同学是否希望搬迁至新宿舍（由11栋搬至13-16栋）。他认为搬迁宿舍并非非搬不可，不搬迁亦不损害校方的利益。

在2019级前，本科生从进入大学至毕业，均会居住于同一宿舍。

2020-08-0708:30",这是一段正常的聊天记录，与黑灰产无关。
Telegram_Chat_Message,正常,"下面是一段telegram的聊天记录，请判断其是否与黑灰产相关，若相关请将其进一步分类：
**IBMFoundry大举清理V2ray应用容器，IBM对流量转发说NO。**

昨日晚间时候开始陆续有人发觉无法登录IBM云账号，使用IBMyes项目代码创建容器失败。今日有更多的用户表示已被IBM封禁账号。

据了解，造成翻车的诱因是近期有大量YouTube的Up主上传了使用IBMyes结合CF进行流量转发的视频教程，致使用量激增。IBM采取了强硬的措施来遏制这一趋势。

目前IBMyes项目已经宣布不再更新，到目前止该项目已有超过1.4万个Forks。

[消息等级LevelC一般]",这是一段正常的聊天记录，与黑灰产无关。
Telegram_Chat_Message,正常,"下面是一段telegram的聊天记录，请判断其是否与黑灰产相关，若相关请将其进一步分类：
**TFSci译文系列：**《有关GnRH类似物作为青春期阻断剂用于跨性别青年的评述》

https://tfsci.mtf.wiki/zh-cn/articles/puberty-blockers/

本文汇总了文献上GnRH类似物作为青春期阻断剂用于跨性别青年的情况，讨论其益处、不良影响、与患者性别焦虑的关系，以及在世界各地的可用性与合法性。另简略提及有关生育力保存的情况。",这是一段正常的聊天记录，与黑灰产无关。
Telegram_Chat_Message,正常,"下面是一段telegram的聊天记录，请判断其是否与黑灰产相关，若相关请将其进一步分类：
**大学餐厅水池中惊现老鼠**

在QQ空间中，有同学拍摄一段一只老鼠于大学荔园餐厅的水池中转圈的视频，并配上太可爱了吧的画外音。

荔园餐厅的经理表示，他们已经了解此事。餐厅经理已经在处理了，今后也会加强消杀。

2020-10-1013:00
[快讯网链接](https://news.nanke.suste.ch/2020/10/10/da-xue-can-ting-shui-chi-zhong-liang-xian-lao-shu/)",这是一段正常的聊天记录，与黑灰产无关。
Telegram_Chat_Message,正常,"下面是一段telegram的聊天记录，请判断其是否与黑灰产相关，若相关请将其进一步分类：
**大专院校、中职学校3月份开展线上教育，学生不返校。**
线上教育由各学校组织实施。鼓励各学校使用国家和省级在线开放课程平台的课程资源，各教学指导委员会将为学校推荐课程选用清单、线上教育实施指南。
来源：[广东省教育厅](https://mp.weixin.qq.com/s/wiHBnHXernp3PjBe51r-sA)",这是一段正常的聊天记录，与黑灰产无关。
Telegram_Chat_Message,正常,"下面是一段telegram的聊天记录，请判断其是否与黑灰产相关，若相关请将其进一步分类：
**降签是什么？每个人都需要办理吗？**

菲律宾降签：就是将目前所持有的签证降成为9a旅游签证，菲律宾有很多签证是需要降签才可以出境或者换工作。

目前我们接触最多是9g工作签证或者学生签证进行降签！

https://www.jobpd.com/news/smp2h2xap4/",这是一段正常的聊天记录，与黑灰产无关。
Telegram_Chat_Message,正常,"下面是一段telegram的聊天记录，请判断其是否与黑灰产相关，若相关请将其进一步分类：
**今天早晨5点，西港一中国女子在西港西都港湾国际酒店试图跳楼自杀，所幸被一男子拉住，虽最终坠楼到酒店阳台，但因高度不高，女子并无生命危险。**",这是一段正常的聊天记录，与黑灰产无关。
Telegram_Chat_Message,正常,"下面是一段telegram的聊天记录，请判断其是否与黑灰产相关，若相关请将其进一步分类：
**腾讯云函数校园优惠调整

**今天腾讯云削减了针对学生用户的校园云函数优惠政策。

主要变更如下：
1.取消境外地域选项
2.最大购买3年时长调整为1年
3.个人高级版价格上调，涨幅高达1000%

价格调整对比：
个人标准版一年1.08，此前价格：三年3.24
个人高级版一年118.74，此前价格：三年32.38

可选地域：广州/上海/北京
此前可选：硅谷/多伦多/广州/中国香港/法兰克福/孟买/北京/新加坡

[消息等级LevelC一般]",这是一段正常的聊天记录，与黑灰产无关。
Telegram_Chat_Message,正常,"下面是一段telegram的聊天记录，请判断其是否与黑灰产相关，若相关请将其进一步分类：
[**宇航员推迟返回地球**](https://m.idai.ly/se/bce6BJ)
国际空间站从太阳前掠过，科威特城。2月3日，Axiom-3商业太空飞行任务的4名宇航员因不利天气条件推迟离开空间站，预计最早于2月6日乘坐载人龙飞船返回地球并在美国佛州海岸附近着陆。Axiom-3任务的4名宇航员在过去2周共完成超过30项太空实验，包括研究微重力对癌症细胞生长影响、远程控制太空机器人等。摄影师：YasserAl-Zayyat",这是一段正常的聊天记录，与黑灰产无关。
Telegram_Chat_Message,正常,"下面是一段telegram的聊天记录，请判断其是否与黑灰产相关，若相关请将其进一步分类：
[AMV]SIRIUS
Editor:Sakki
来源:youtube.com/watch?v=2psvFiocbHE&ab_channel=Sakki
#JE2023#我推的孩子
居然是这首我最喜欢的曲子？！
Sakki溢满的厨力和技术力
目前看过最好的推子剪辑",这是一段正常的聊天记录，与黑灰产无关。
Telegram_Chat_Message,正常,"下面是一段telegram的聊天记录，请判断其是否与黑灰产相关，若相关请将其进一步分类：
1/8决赛了

12月04日：
23:00法国vs波兰

12月05日
03:00英格兰VS塞内加尔
23:00日本VS克罗地亚

12月06日
03:00巴西VS韩国
23:00摩洛哥VS西班牙。",这是一段正常的聊天记录，与黑灰产无关。
Telegram_Chat_Message,正常,"下面是一段telegram的聊天记录，请判断其是否与黑灰产相关，若相关请将其进一步分类：
1580
江诗丹顿马耳他系列搭载原装进口8217原装机芯(0返修0售后)，采用超A精钢壳套（做工精细，防水程度可达5度。可游泳）字面采用进口优质铜材（做工细致无瑕疵).9位个性24小时真月相显示，7位镂空，机芯运转一目了然。5位小秒显示，头层意大利牛皮。尺寸：40/44.7mm.厚度：12.8mm.

早在1912年，VacheronConstantin江诗丹顿掀起了制表业的一次革命，并诞生了世界首款酒桶形手表，而不是之前传统的圆形表盘。",这是一段正常的聊天记录，与黑灰产无关。
Telegram_Chat_Message,正常,"下面是一段telegram的聊天记录，请判断其是否与黑灰产相关，若相关请将其进一步分类：
风暴将至，中国全国两会时间确定，全国人大年会将于5月22日在北京召开，全国政协年会将于5月21日召开。依据惯例将会提升墙的封锁能力，防火长城会进入十分狂暴的阶段，请注意做好准备！",这是一段正常的聊天记录，与黑灰产无关。
Telegram_Chat_Message,正常,"下面是一段telegram的聊天记录，请判断其是否与黑灰产相关，若相关请将其进一步分类：
各位大哥，我遇到一个问题。
我正在学习Android编程权威指南第4版第24章的photogallery项目。
它的目的，是从flickr网站抓取图片，显示在应用上。

问题就在于，flickr被墙了，AndroidStudio发起网络请求，每次都返回收不到。
也就是说，根本连不上这些网站。
用bing这些国内IP就没问题。",这是一段正常的聊天记录，与黑灰产无关。
Telegram_Chat_Message,正常,"下面是一段telegram的聊天记录，请判断其是否与黑灰产相关，若相关请将其进一步分类：
恭喜RNG成功卫冕MSI冠军成为MSI三冠王

2022MSI决赛上，RNG击败T1，再次捧起MSI奖杯！RNG达成MSI三冠王成就！这是RNG队史第三次捧起MSI奖杯，此前两次分别为18年及21年。",这是一段正常的聊天记录，与黑灰产无关。
Telegram_Chat_Message,正常,"下面是一段telegram的聊天记录，请判断其是否与黑灰产相关，若相关请将其进一步分类：
全球主要国家居民对跨性别者态度调查报告

ipsos.com/en-us/news-polls/global-attitudes-toward-transgender-people
（英文）

发布时间：2018年1月",这是一段正常的聊天记录，与黑灰产无关。
Telegram_Chat_Message,正常,"下面是一段telegram的聊天记录，请判断其是否与黑灰产相关，若相关请将其进一步分类：
万户千家今夜好，张灯结彩闹元宵。

元宵节又称“灯节”，这一夜大街小巷张灯结彩。人们看花灯、猜灯谜是世代相沿的习俗，大家通宵达旦，尽情欢乐，热闹非常。

不愿空羡天上星光熠熠，中国人把星河搬到人间。长街花灯明如月，万里烟火耀比星，灯月交辉映照出人间繁华。

元宵节自然有美食相伴，不管是北“滚”元宵，还是南“包”汤圆。人们心中期盼的都是团团圆圆、和和美美，过了元宵节这个年才算真正过完了。
今天，咬一口软糯的元宵，带着这份甜蜜与幸福出发，奔向下一个粘着好光景的日子。",这是一段正常的聊天记录，与黑灰产无关。
Telegram_Chat_Message,正常,"下面是一段telegram的聊天记录，请判断其是否与黑灰产相关，若相关请将其进一步分类：
新款努比亚nubia红魔8SPro+全面屏下游戏手机二代骁龙8165W快充5000mAh5G电竞手机内存:16GB+512GB
氘锋透明版",这是一段正常的聊天记录，与黑灰产无关。
Telegram_Chat_Message,正常,"下面是一段telegram的聊天记录，请判断其是否与黑灰产相关，若相关请将其进一步分类：
元宇宙落地应用-元宇宙商业街，展厅等几大板块。有开发需求的滴滴我！技术实力雄厚！资源丰富，涉及面广。
飞机@X08889@BEP2088",这是一段正常的聊天记录，与黑灰产无关。
Telegram_Chat_Message,正常,"下面是一段telegram的聊天记录，请判断其是否与黑灰产相关，若相关请将其进一步分类：
自营佳果源100%NFC椰子水330ml6瓶

https://u.jd.com/HioWBZn

到手29.9元折4.98/瓶",这是一段正常的聊天记录，与黑灰产无关。
Telegram_Chat_Message,正常,"下面是一段telegram的聊天记录，请判断其是否与黑灰产相关，若相关请将其进一步分类：
自营温氏经典午餐肉罐头340g

https://u.jd.com/HQUJvNl

买3件plus付34.7元，折11.5/件",这是一段正常的聊天记录，与黑灰产无关。
Telegram_Chat_Message,正常,"下面是一段telegram的聊天记录，请判断其是否与黑灰产相关，若相关请将其进一步分类：
《白云之下》
《白云之下》讲述了一对普通的蒙古族牧民夫妻因生活追求的不同而产生的某种生活困境。妻子萨如拉认为美好的生活就是和丈夫在草原上日出而作日落而息，而丈夫朝克图厌烦了枯燥单调的牧人生活，他认为美好的生活不在草原而在远方，瞒着妻子一次次远走他乡&hellip&hellip",这是一段正常的聊天记录，与黑灰产无关。
Telegram_Chat_Message,正常,"下面是一段telegram的聊天记录，请判断其是否与黑灰产相关，若相关请将其进一步分类：
《柏林亚历山大广场》
30岁的弗朗西斯是一名来自几内亚比绍的难民，他乘船非法穿越地中海，最后成为唯一的幸存者，来到了柏林。弗朗西斯遇见了德国毒贩莱因霍尔德，因而被卷入了柏林黑社会。",这是一段正常的聊天记录，与黑灰产无关。
Telegram_Chat_Message,正常,"下面是一段telegram的聊天记录，请判断其是否与黑灰产相关，若相关请将其进一步分类：
《大闹天宫》
&nbsp《大闹天宫》取材于《西游记》。悟空龙宫借宝物金箍棒。龙王天宫告状。李长庚献计诱悟空到御马监养马，悟空大闹御马监返回花果山。李长庚二次骗悟空到天宫，欲伏兵擒拿。悟空闹瑶池，盗金丹，八卦炉内炼就火眼金睛，大战天兵天将，得胜奏凯。",这是一段正常的聊天记录，与黑灰产无关。
Telegram_Chat_Message,正常,"下面是一段telegram的聊天记录，请判断其是否与黑灰产相关，若相关请将其进一步分类：
币安APP最新下载地址：https://www.binance.com/zh-CN/download

iOS到AppStore下载，美区ID无法下载，请使用其它国家ID

安卓建议从GooglePlay安装，或者认准官网apk

如有疑问请咨询[@Binance客服](https://t.me/Binance_BNBs)
",这是一段正常的聊天记录，与黑灰产无关。
Telegram_Chat_Message,正常,"下面是一段telegram的聊天记录，请判断其是否与黑灰产相关，若相关请将其进一步分类：
以下赞助商代表江湖社群
热烈欢迎[Colton](tg://user?id=6015934633)6015934633

[每天趣事：花边新闻
奇人异事、日常搞笑](http://t.me/meitian)

[清弦十里亭：海外奋斗
共鸣的心声，心灵慰藉](http://t.me/shiliting)",这是一段正常的聊天记录，与黑灰产无关。
